Country,Continent,Beverage_Types,2014,2013,2012,2011,2010,2009,2008,2007,2006,2005,2004,2003,2002,2001,2000
Afghanistan,Asia,All types,,0.01,0.01,0.01,0.01,0.01,0.03,0.02,0.03,0.02,0.02,0.01,0.01,0,0
Afghanistan,Asia,Beer,,0.01,0.01,0.01,0.01,0.01,0.01,0.01,0.01,0.01,0.02,0,0,0,0
Afghanistan,Asia,Wine,,0,0,0,0,0,0,0.01,0.01,0,0,0,0,0,0
Afghanistan,Asia,Spirits,,0,0,0,0,0,0.02,0,0.01,0.01,0,0.01,0,0,0
Afghanistan,Asia,Other alcoholic beverages,,0,0,0,0,0,0,0,0,0,0,0,0,0,0
Albania,Europe,All types,4.51,4.76,5.14,5.37,5.28,5.79,5.61,5.58,5.31,5.16,4.54,4.29,3.73,4.25,3.66
Albania,Europe,Beer,1.45,1.68,1.68,1.76,1.61,2.08,2.03,1.86,1.73,1.59,1.33,1.39,1.23,1.42,1.26
Albania,Europe,Wine,1.14,1.08,1.33,1.29,1.32,1.3,1.22,1.36,1.29,1.34,1.07,0.77,0.41,0.81,0.43
Albania,Europe,Spirits,1.85,1.92,2.05,2.23,2.23,2.3,2.26,2.26,2.19,2.14,2.06,2.13,2.09,2.02,1.96
Albania,Europe,Other alcoholic beverages,0.08,0.08,0.09,0.09,0.11,0.11,0.1,0.1,0.1,0.09,0.08,0,0,0,0
Algeria,Africa,All types,,0.53,0.66,0.56,0.45,0.5,0.46,0.44,0.36,0.5,0.45,0.34,0.36,0.23,0.25
Algeria,Africa,Beer,,0.25,0.22,0.2,0.17,0.2,0.2,0.16,0.17,0.29,0.24,0.2,0.17,0.1,0.12
Algeria,Africa,Wine,,0.22,0.36,0.3,0.23,0.28,0.23,0.25,0.17,0.19,0.19,0.12,0.18,0.12,0.13
Algeria,Africa,Spirits,,0.1,0.07,0.06,0.04,0.04,0.02,0.03,0.02,0.02,0.03,0.02,0.01,0.01,0
Algeria,Africa,Other alcoholic beverages,,0,0,0,0,0,0,0,0,0,0,0,0,0,0
Andorra,Europe,All types,,9.98,10.28,10.57,10.6,10.9,11.02,11.57,11.92,12,12.16,12.37,12.63,11.59,12.36
Andorra,Europe,Beer,,3.1,3.26,3.27,3.54,3.59,3.56,3.7,3.78,3.64,3.37,3.38,3.21,3.29,3.25
Andorra,Europe,Wine,,4.29,4.42,4.52,4.39,4.6,4.62,4.93,5.15,5.42,5.95,6.05,6.27,6.13,6.36
Andorra,Europe,Spirits,,2.59,2.6,2.78,2.68,2.72,2.84,2.94,2.99,2.94,2.84,2.94,3.15,2.18,2.76
Andorra,Europe,Other alcoholic beverages,,0,0,0,0,0,0,0,0,0,0,0,0,0,0
Angola,Africa,All types,8.33,8.1,8.24,8.06,7.8,7.01,7.07,6.35,5.84,5.04,3.53,3.49,2.82,2.58,1.85
Angola,Africa,Beer,5.48,5.42,5.58,5.37,5.12,4.75,3.92,3.48,3.26,2.86,1.72,1.57,1.56,1.41,1.07
Angola,Africa,Wine,1.32,1.44,2.11,2.07,1.95,1.86,2.81,2.55,2.48,2.09,1.58,1.42,0.8,0.72,0.4
Angola,Africa,Spirits,1.47,1.18,0.53,0.59,0.64,0.36,0.32,0.3,0.09,0.08,0.22,0.49,0.47,0.45,0.38
Angola,Africa,Other alcoholic beverages,0.07,0.06,0.03,0.04,0.08,0.03,0.03,0.02,0,0,0.01,0,0,0,0
Antigua and Barbuda,Central America,All types,8.56,8.58,8.18,7.84,7.84,7.82,8.27,8.64,8.93,8.15,7.28,7.16,7.21,7.51,7.27
Antigua and Barbuda,Central America,Beer,2.72,2.77,2.81,2.85,2.89,2.94,3,2.95,2.64,2.42,1.97,1.87,1.77,1.89,1.94
Antigua and Barbuda,Central America,Wine,1.87,1.7,1.53,1.42,1.43,1.32,1.34,1.8,2.38,1.74,1.43,1.26,1.39,1.42,1.14
Antigua and Barbuda,Central America,Spirits,3.7,3.84,3.57,3.29,3.25,3.29,3.61,3.6,3.61,3.58,3.48,4,4.02,4.17,4.18
Antigua and Barbuda,Central America,Other alcoholic beverages,0.28,0.27,0.29,0.28,0.27,0.27,0.32,0.3,0.29,0.41,0.39,0.02,0.02,0.02,0.02
Argentina,South America,All types,7.93,8.28,8.35,8.11,8.15,8.33,8.41,8.16,7.75,7.53,7.63,7.62,7.81,7.76,7.68
Argentina,South America,Beer,3.36,3.36,3.21,3.15,3.32,3.23,3.16,2.75,2.57,2.42,2.04,2.03,2.08,1.9,1.79
Argentina,South America,Wine,3.22,3.51,4.04,4.05,3.91,4.31,4.45,4.65,4.62,4.57,5.03,5.08,5.28,5.32,5.3
Argentina,South America,Spirits,0.56,0.52,0.25,0.24,0.45,0.4,0.44,0.44,0.3,0.32,0.52,0.46,0.41,0.49,0.52
Argentina,South America,Other alcoholic beverages,0.8,0.89,0.85,0.68,0.47,0.39,0.36,0.32,0.26,0.22,0.04,0.04,0.04,0.05,0.06
Armenia,Europe,All types,3.91,3.79,3.89,4.09,4.23,3.96,3.96,3.99,4.01,4.25,3.81,3.03,2.86,2.86,2.9
Armenia,Europe,Beer,0.51,0.42,0.25,0.33,0.39,0.32,0.41,0.38,0.36,0.27,0.22,0.17,0.17,0.24,0.18
Armenia,Europe,Wine,0.13,0.13,0.32,0.39,0.3,0.27,0.23,0.23,0.27,0.46,0.43,0.16,0.21,0.28,0.2
Armenia,Europe,Spirits,3.25,3.23,3.31,3.36,3.52,3.36,3.31,3.38,3.37,3.51,3.16,2.7,2.48,2.34,2.52
Armenia,Europe,Other alcoholic beverages,0.01,0.01,0.01,0.01,0.01,0,0,0,0,0,0,0,0,0,0
Australia,Oceania,All types,9.71,9.87,10.03,10.3,10.52,10.62,10.76,10.56,10.31,10.3,9.84,9.97,9.84,9.53,10.17
Australia,Oceania,Beer,4.01,4.04,4.14,4.31,4.51,4.68,4.69,4.63,4.63,4.62,4.57,4.96,4.97,4.08,5.07
Australia,Oceania,Wine,3.64,3.7,3.78,3.79,3.87,3.78,3.71,3.7,3.53,3.53,3.13,3,3.01,2.91,2.95
Australia,Oceania,Spirits,1.23,1.29,1.26,1.34,1.3,1.32,1.19,1.15,1.16,1.21,1.2,2.01,1.86,1.81,2.07
Australia,Oceania,Other alcoholic beverages,0.83,0.84,0.85,0.86,0.84,0.84,1.17,1.08,0.99,0.94,0.94,0,0,0.01,0.08
Austria,Europe,All types,12.32,11.82,12.26,12.04,12.1,11.3,12,12.5,12.4,12.4,12.1,12.2,12.5,12.4,13.2
Austria,Europe,Beer,6.25,6.03,6.27,6.09,6.1,6.2,6.4,6.4,6.7,6.07,6.7,6.4,6.4,6.6,6.8
Austria,Europe,Wine,4.37,4.09,4.3,4.25,4.3,3.4,3.9,4.4,4.2,4.1,3.8,4.1,4.4,4.3,4.3
Austria,Europe,Spirits,1.7,1.7,1.7,1.7,1.7,1.7,1.7,1.7,1.5,1.6,1.6,1.7,1.7,1.5,2.1
Austria,Europe,Other alcoholic beverages,0,0,0,0,0,0,0,0,0,0,0,0,0,0,0
Azerbaijan,Asia,All types,,2.14,,1.98,1.98,2.1,1.18,1.02,0.85,0.73,0.62,0.55,0.55,0.51,0.65
Azerbaijan,Asia,Beer,,0.19,,0.16,0.16,0.27,0.46,0.34,0.3,0.3,0.25,0.23,0.21,0.2,0.17
Azerbaijan,Asia,Wine,,0.23,0.22,0.22,0.22,0.22,0.19,0.17,0.08,0.03,0.02,0.03,0.08,0.05,0.05
Azerbaijan,Asia,Spirits,,1.63,,1.51,1.46,1.45,0.53,0.51,0.47,0.4,0.35,0.28,0.25,0.25,0.43
Azerbaijan,Asia,Other alcoholic beverages,,0.09,0.09,0.09,0.14,0.16,0,0,0,0,0,0,0,0,0
Bahamas,Central America,All types,9.45,9.42,9.5,9.34,9.19,9.29,10.15,10.75,11.07,10.49,10.1,10.68,10.85,11.64,12.15
Bahamas,Central America,Beer,3.53,3.47,3.41,3.34,3.23,3.14,3.61,3.82,3.78,3.82,3.73,3.56,3.61,3.7,4.04
Bahamas,Central America,Wine,1.6,1.61,1.64,1.54,1.46,1.56,1.66,1.89,2.12,1.51,1.28,1.56,1.46,1.83,1.79
Bahamas,Central America,Spirits,3.96,3.99,4.09,4.1,4.12,4.15,4.41,4.54,4.64,4.64,4.54,5.53,5.75,6.08,6.29
Bahamas,Central America,Other alcoholic beverages,0.36,0.35,0.36,0.36,0.38,0.43,0.47,0.51,0.53,0.52,0.56,0.03,0.03,0.03,0.03
Bahrain,Asia,All types,1.57,1.65,1.7,1.66,1.93,1.95,2,2,2.1,2.05,2.16,2.16,1.99,1.95,2.15
Bahrain,Asia,Beer,0.38,0.37,0.35,0.34,0.46,0.46,0.47,0.49,0.52,0.54,0.55,0.55,0.55,0.55,0.54
Bahrain,Asia,Wine,0.13,0.12,0.11,0.12,0.11,0.14,0.13,0.26,0.23,0.19,0.21,0.14,0.19,0.15,0.3
Bahrain,Asia,Spirits,1.04,1.14,1.23,1.19,1.36,1.34,1.39,1.24,1.34,1.31,1.38,1.46,1.24,1.25,1.31
Bahrain,Asia,Other alcoholic beverages,0.02,0.02,0.01,0.01,0.01,0.01,0.01,0.01,0.01,0.01,0.01,0,0,0,0
Bangladesh,Asia,All types,,0.01,0.01,0.01,0.01,0.01,0.01,0,0,0,0,0,0,0,0.01
Bangladesh,Asia,Beer,,0,0,0,0,0,0,0,0,0,0,0,0,0,0
Bangladesh,Asia,Wine,,0,0,0,0,0,0,0,0,0,0,0,0,0,0
Bangladesh,Asia,Spirits,,0,0,0,0,0,0,0,0,0,0,0,0,0,0
Bangladesh,Asia,Other alcoholic beverages,,0,0,0,0,0,0,0,0,0,0,0,0,0,0
Barbados,Central America,All types,8.82,8.74,8.61,8.51,8.41,8.46,8.95,8.47,8.39,8.01,7.68,7.65,7.59,7.38,7.43
Barbados,Central America,Beer,3.42,3.4,3.39,3.34,3.3,3.15,3.43,3.14,3.28,3.22,2.98,2.9,2.91,2.9,2.76
Barbados,Central America,Wine,0.83,0.87,0.79,0.89,0.93,0.89,1.05,1.12,0.92,0.75,0.68,0.72,0.55,0.49,0.61
Barbados,Central America,Spirits,4.39,4.28,4.23,4.08,3.97,4.25,4.21,3.95,3.94,3.81,3.8,4,4.09,3.96,4.03
Barbados,Central America,Other alcoholic beverages,0.18,0.18,0.2,0.21,0.21,0.17,0.26,0.26,0.25,0.22,0.22,0.03,0.03,0.03,0.03
Belarus,Europe,All types,13.94,14.66,16.35,17.31,14.44,14.09,14.67,14.22,12.6,11.01,12.05,11.17,12.23,10.74,12.98
Belarus,Europe,Beer,3.01,3.08,2.98,3.1,2.5,2.39,2.54,2.38,2.03,1.47,1.33,3.2,2.73,1.15,1.18
Belarus,Europe,Wine,0.37,0.37,0.37,0.35,0.75,0.62,0.72,0.82,0.77,0.62,0.22,0.49,0.41,0.37,0.17
Belarus,Europe,Spirits,5.97,6.45,8.32,8.16,6.73,6.82,6.92,6.06,5.22,4.21,3.63,3.8,4.75,4.75,5.02
Belarus,Europe,Other alcoholic beverages,4.59,4.77,4.67,5.71,4.46,4.25,4.5,4.96,4.59,4.71,6.87,3.68,3.89,4.47,6.6
Belgium,Europe,All types,12.6,11.77,10.08,10.11,10.22,10.05,10.47,10.25,10.98,12.27,12.05,11.28,11.29,11.01,11.21
Belgium,Europe,Beer,6.21,5.81,4.79,4.89,5.02,4.94,5.04,5.21,5.61,6.07,5.95,6.14,6.09,6.08,6.15
Belgium,Europe,Wine,4.53,4.26,3.73,3.71,3.71,3.66,3.83,4.27,4.37,4.22,4.26,4.06,4.26,3.99,4.05
Belgium,Europe,Spirits,1.8,1.68,1.55,1.49,1.47,1.45,1.59,0.77,0.99,1.98,1.84,1.07,0.95,0.93,1
Belgium,Europe,Other alcoholic beverages,0.05,0.01,0.01,0.01,0.01,0.01,0.02,0,0.01,0,0.01,0,0,0,0
Belize,South America,All types,6.58,6.56,6.66,6.64,6.76,6.85,7.22,7.24,6.48,6.25,6.2,5.67,4.99,4.9,4.79
Belize,South America,Beer,4.34,4.34,4.37,4.43,4.52,4.53,4.86,4.88,4.12,3.96,3.98,3.7,3.09,2.95,2.83
Belize,South America,Wine,0.2,0.17,0.2,0.14,0.13,0.17,0.14,0.16,0.12,0.14,0.12,0.15,0.11,0.14,0.14
Belize,South America,Spirits,1.89,1.89,1.93,1.92,1.96,1.96,2.07,2.08,2.14,2.1,2.08,1.82,1.79,1.8,1.82
Belize,South America,Other alcoholic beverages,0.15,0.16,0.16,0.15,0.16,0.19,0.15,0.13,0.11,0.06,0.02,0,0,0,0
Benin,Africa,All types,,,,1.4,1.33,1.16,1.28,1.12,1.19,1.13,1.15,1.35,1.23,1.29,1.34
Benin,Africa,Beer,,,,0.79,0.67,0.62,0.62,0.55,0.53,0.51,0.53,0.7,0.73,0.66,0.54
Benin,Africa,Wine,,,,0.22,0.25,0.2,0.16,0.17,0.17,0.14,0.12,0.12,0.1,0.12,0.12
Benin,Africa,Spirits,,,,0.16,0.16,0.15,0.25,0.1,0.19,0.16,0.15,0.19,0.02,0.13,0.31
Benin,Africa,Other alcoholic beverages,,,,0.23,0.25,0.2,0.25,0.3,0.3,0.33,0.34,0.35,0.38,0.38,0.37
Bhutan,Asia,All types,,,,0.23,0.28,0.17,0.21,0.16,0.29,0.73,0.96,0.52,0.29,0.14,0.17
Bhutan,Asia,Beer,,,,0.18,0.11,0.12,0.13,0.12,0.25,0.36,0.62,0.49,0.29,0.14,0.17
Bhutan,Asia,Wine,,,,0.05,0.07,0.02,0.06,0.02,0.02,0.01,0,0,0,0,0
Bhutan,Asia,Spirits,,,,0,0.1,0.03,0.02,0.02,0.02,0.36,0.34,0.03,0,0,0
Bhutan,Asia,Other alcoholic beverages,,,,0,0,0,0,0,0,0,0,0,0,0,0
Bolivia (Plurinational State of),Central America,All types,3.62,3.78,3.89,3.93,3.95,3.87,3.77,3.47,3.23,2.86,2.66,2.37,2.26,2.2,2.32
Bolivia (Plurinational State of),Central America,Beer,2.73,2.73,2.81,2.84,2.96,2.94,2.78,2.54,2.35,2.14,2,1.7,1.58,1.55,1.68
Bolivia (Plurinational State of),Central America,Wine,0.03,0.17,0.22,0.24,0.23,0.23,0.27,0.25,0.25,0.14,0.1,0.1,0.06,0.06,0.07
Bolivia (Plurinational State of),Central America,Spirits,0.82,0.83,0.82,0.81,0.74,0.69,0.71,0.66,0.62,0.58,0.56,0.57,0.62,0.59,0.56
Bolivia (Plurinational State of),Central America,Other alcoholic beverages,0.05,0.05,0.04,0.04,0.03,0.02,0.02,0.01,0.01,0.01,0.01,0,0,0,0
Bosnia and Herzegovina,Europe,All types,4.03,4.12,4.61,4.64,4.54,4.75,5.13,5.16,4.82,4.56,4.25,4.14,3.84,3.85,3.64
Bosnia and Herzegovina,Europe,Beer,3.2,3.28,3.5,3.43,3.33,3.5,3.8,3.77,3.57,3.34,3.03,2.87,2.65,2.61,2.57
Bosnia and Herzegovina,Europe,Wine,0.15,0.15,0.39,0.45,0.45,0.51,0.56,0.6,0.47,0.43,0.42,0.42,0.33,0.4,0.21
Bosnia and Herzegovina,Europe,Spirits,0.54,0.55,0.59,0.63,0.63,0.61,0.64,0.64,0.63,0.66,0.68,0.86,0.87,0.85,0.85
Bosnia and Herzegovina,Europe,Other alcoholic beverages,0.14,0.14,0.13,0.13,0.13,0.13,0.14,0.14,0.14,0.13,0.12,0,0,0,0
Botswana,Africa,All types,,,,5.76,5.99,5.01,6.56,6.21,6.45,6.37,4.9,5.51,6.41,5.48,5.37
Botswana,Africa,Beer,,,,2.39,3.36,2.35,2.22,2.68,2.67,2.58,2.47,2.39,2.6,2.69,2.3
Botswana,Africa,Wine,,,,0.59,0.75,0.73,1.16,1.86,1.43,0.91,0.45,0.46,0.53,0.23,0.34
Botswana,Africa,Spirits,,,,1.58,0.67,0.69,2.13,0.5,1.08,1.01,0,0.82,1.22,0.36,0.54
Botswana,Africa,Other alcoholic beverages,,,,1.2,1.21,1.23,1.05,1.18,1.27,1.86,1.98,1.84,2.06,2.2,2.19
Brazil,South America,All types,7.32,7.24,7.55,7.58,7.52,7.33,7.21,7.19,7.1,6.97,6.85,6.95,7,7.13,7.26
Brazil,South America,Beer,4.64,4.45,4.61,4.49,4.42,4.15,3.84,3.74,3.56,3.36,3.22,3.18,3.32,3.34,3.33
Brazil,South America,Wine,0.27,0.27,0.33,0.42,0.4,0.39,0.37,0.38,0.41,0.5,0.4,0.4,0.3,0.29,0.31
Brazil,South America,Spirits,2.39,2.49,2.57,2.63,2.66,2.76,2.96,3.04,3.09,3.08,3.19,3.36,3.37,3.49,3.61
Brazil,South America,Other alcoholic beverages,0.03,0.04,0.04,0.04,0.03,0.03,0.03,0.04,0.03,0.03,0.04,0.01,0.01,0.01,0.01
Brunei Darussalam,Asia,All types,,,,0.97,0.88,0.25,0.67,0.85,0.67,0.16,0.11,0.12,0.13,0.47,0.37
Brunei Darussalam,Asia,Beer,,,,0.85,0.82,0.18,0.59,0.76,0.5,0.09,0.08,0.09,0.09,0.2,0.19
Brunei Darussalam,Asia,Wine,,,,0.05,0.01,0.01,0.02,0.02,0.03,0.02,0.02,0.02,0.01,0.04,0.03
Brunei Darussalam,Asia,Spirits,,,,0.05,0.03,0.05,0.05,0.06,0.11,0.05,0.01,0.02,0.03,0.23,0.15
Brunei Darussalam,Asia,Other alcoholic beverages,,,,0.02,0.01,0.01,0.01,0.01,0.03,0,0,0,0,0,0.4
Bulgaria,Europe,All types,12.03,12.06,10.99,10.67,10.8,10.93,10.98,10.89,10.39,10.48,10.96,11.19,10.2,10.72,9.69
Bulgaria,Europe,Beer,4.31,4.27,4.3,4.09,4.01,4.03,4.41,4.41,3.96,3.56,3.52,3.3,2.98,3.22,2.99
Bulgaria,Europe,Wine,2.87,2.86,1.65,1.37,1.73,2.02,1.73,1.7,1.58,1.95,2.09,2.93,2.34,2.73,2.05
Bulgaria,Europe,Spirits,4.78,4.88,4.99,5.16,5.02,4.84,4.8,4.73,4.8,4.93,5.29,4.96,4.88,4.77,4.65
Bulgaria,Europe,Other alcoholic beverages,0.08,0.06,0.05,0.05,0.04,0.04,0.05,0.04,0.04,0.05,0.06,0,0,0,0
Burkina Faso,Africa,All types,,4.64,4.75,4.51,4.55,4.55,4.5,4.58,4.73,4.88,4.54,4.58,4.53,4.56,3.71
Burkina Faso,Africa,Beer,,0.67,0.63,0.53,0.46,0.46,0.46,0.45,0.44,0.44,0.42,0.41,0.41,0.39,0.4
Burkina Faso,Africa,Wine,,0.1,0.18,0.16,0.12,0.08,0.07,0.07,0.09,0.09,0.1,0.07,0.08,0.08,0.04
Burkina Faso,Africa,Spirits,,0.24,0.2,0.13,0.12,0.14,0.13,0.2,0.5,0.43,0.17,0.21,0.27,0.23,0.29
Burkina Faso,Africa,Other alcoholic beverages,,3.63,3.73,3.68,3.84,3.86,3.84,3.85,3.7,3.92,3.85,3.89,3.77,3.86,2.99
Burundi,Africa,All types,,,,4.16,4.16,4.05,4.33,4.54,4.5,5.54,5.72,5.84,5.98,6.09,6.61
Burundi,Africa,Beer,,,,1.63,1.59,1.37,1.4,1.42,1.4,1.19,1.19,1.13,1.02,1,1.46
Burundi,Africa,Wine,,,,0,0,0,0,0,0,0.01,0.01,0,0.01,0.01,0.01
Burundi,Africa,Spirits,,,,0,0,0,0,0.01,0.01,0,0,0,0,0,0
Burundi,Africa,Other alcoholic beverages,,,,2.51,2.56,2.68,2.93,3.11,3.1,4.34,4.51,4.7,4.95,5.07,5.14
Côte d'Ivoire,Africa,All types,,3.15,3.24,3.13,3.15,2.92,2.69,2.58,2.65,3.11,3.08,3.12,3.13,3.15,3.45
Côte d'Ivoire,Africa,Beer,,0.82,0.81,0.74,0.71,0.63,0.66,0.68,0.62,0.66,0.63,0.63,0.51,0.54,0.57
Côte d'Ivoire,Africa,Wine,,0.24,0.27,0.27,0.26,0.25,0.12,0.14,0.2,0.24,0.33,0.33,0.34,0.29,0.26
Côte d'Ivoire,Africa,Spirits,,0.01,0.05,0.03,0.02,0.02,0.02,0.01,0.02,0.05,0.04,0.04,0.04,0.04,0.04
Côte d'Ivoire,Africa,Other alcoholic beverages,,2.08,2.11,2.1,2.16,2.03,1.89,1.75,1.81,2.17,2.08,2.12,2.23,2.28,2.58
Cabo Verde,Africa,All types,,,,5.07,4.75,4.45,4.16,5.28,4.25,4.26,4.19,4.16,3.82,3.81,3.49
Cabo Verde,Africa,Beer,,,,2.82,2.51,2.2,1.97,2.03,1.92,2.19,1.9,2.32,2.08,2.12,2.09
Cabo Verde,Africa,Wine,,,,1.55,1.62,1.76,1.89,2.52,1.87,1.93,1.78,1.39,1.47,1.23,0.95
Cabo Verde,Africa,Spirits,,,,0.7,0.61,0.48,0.31,0.73,0.46,0.14,0.51,0.44,0.26,0.46,0.45
Cabo Verde,Africa,Other alcoholic beverages,,,,0,0,0,0,0,0,0,0,0.01,0.01,0,0
Cambodia,Asia,All types,,,,2.12,2.2,2.13,2.24,2.08,2.03,1.99,1.38,1.44,1.43,1.71,1.51
Cambodia,Asia,Beer,,,,1.35,0.91,0.94,0.95,0.89,0.81,0.76,0.28,0.28,0.25,0.26,0.29
Cambodia,Asia,Wine,,,,0.02,0.01,0.02,0.02,0.02,0.01,0.02,0.01,0.01,0.01,0,0.01
Cambodia,Asia,Spirits,,,,0.75,1.27,1.18,1.27,1.18,1.21,1.21,1.09,1.16,1.17,1.44,1.21
Cambodia,Asia,Other alcoholic beverages,,,,0,0,0,0,0,0,0,0,0,0,0,0
Cameroon,Africa,All types,,,,6.19,6.15,5.89,5.9,5.44,5.22,5.03,4.71,4.64,4.58,4.43,3.91
Cameroon,Africa,Beer,,,,2.49,2.53,2.71,2.29,2.11,2.08,2.1,2.41,2.36,2.35,2.27,2.07
Cameroon,Africa,Wine,,,,0.11,0.09,0.08,0.07,0.07,0.08,0.08,0.08,0.08,0.08,0.09,0.07
Cameroon,Africa,Spirits,,,,0,0,0.01,0.06,0.06,0.05,0,0,0,0,0,0
Cameroon,Africa,Other alcoholic beverages,,,,3.59,3.53,3.1,3.47,3.19,3.02,2.85,2.22,2.2,2.15,2.07,1.77
Canada,North America,All types,8.1,8.2,8.3,8.2,8.4,8.4,8.3,8.3,8.2,8,7.8,7.7,7.7,7.6,7.6
Canada,North America,Beer,3.8,3.9,4,4,4.2,4.2,4.2,4.2,4.2,4.2,4.2,4.2,4.2,4.2,4.3
Canada,North America,Wine,2,2,2,1.9,1.9,1.9,1.8,1.8,1.7,1.6,1.5,1.5,1.4,1.4,1.3
Canada,North America,Spirits,2,2.1,2.1,2.1,2.1,2.1,2.1,2.1,2.1,2,2.1,2.1,2.1,2.1,2.1
Canada,North America,Other alcoholic beverages,0.3,0.2,0.2,0.2,0.2,0.2,0.2,0.2,0.2,0.2,0,0,0,0,0
Central African Republic,Africa,All types,,,,1.66,1.67,1.56,1.52,1.5,1.54,1.5,1.5,1.49,1.47,1.52,1.51
Central African Republic,Africa,Beer,,,,0.33,0.29,0.3,0.32,0.28,0.27,0.22,0.26,0.28,0.3,0.38,0.42
Central African Republic,Africa,Wine,,,,0.02,0.01,0.01,0.01,0.01,0.08,0.01,0.01,0.02,0.02,0.03,0.03
Central African Republic,Africa,Spirits,,,,0.02,0.04,0.04,0.02,0.03,0.04,0.03,0.03,0.04,0.02,0.04,0.02
Central African Republic,Africa,Other alcoholic beverages,,,,1.29,1.33,1.21,1.17,1.17,1.15,1.23,1.19,1.15,1.12,1.08,1.04
Chad,Africa,All types,,0.64,0.62,0.56,0.5,0.47,0.45,0.42,0.41,0.42,0.34,0.42,0.36,0.3,0.25
Chad,Africa,Beer,,0.43,0.38,0.38,0.32,0.31,0.3,0.27,0.23,0.24,0.23,0.25,0.22,0.18,0.17
Chad,Africa,Wine,,0.05,0.05,0.02,0.02,0.01,0,0,0.01,0,0.01,0,0,0,0
Chad,Africa,Spirits,,0.04,0.04,0.04,0.03,0.02,0.02,0.02,0.02,0.02,0.02,0.03,0.03,0,0
Chad,Africa,Other alcoholic beverages,,0.13,0.14,0.12,0.13,0.13,0.13,0.13,0.15,0.15,0.08,0.14,0.1,0.11,0.08
Chile,Africa,All types,7.16,7.2,6.76,7.26,7.93,7.67,7.31,7.39,7.33,7.57,6.32,6.37,6.06,6.1,6.24
Chile,South America,Beer,2.65,2.6,2.48,2.46,2.37,2.32,2.43,2.34,2.26,2.01,1.83,1.8,1.76,1.78,1.79
Chile,South America,Wine,2.65,2.65,2.22,2.67,3.23,2.85,2.17,2.83,2.22,2.59,2.54,2.6,2.39,2.38,2.45
Chile,South America,Spirits,1.63,1.71,1.83,1.91,2.33,2.5,2.71,2.22,2.85,2.97,1.95,1.96,1.9,1.91,1.97
Chile,South America,Other alcoholic beverages,0.24,0.24,0.23,0.22,0,0,0,0,0,0,0.01,0.01,0.01,0.01,0
China,Asia,All types,5.78,5.79,5.74,5.63,5.75,4.88,4.27,3.88,3.28,2.92,3.04,2.96,2.91,2.84,3.06
China,Asia,Beer,1.88,1.89,1.82,1.76,1.6,1.53,1.55,1.48,1.34,1.2,1.11,1.01,0.97,0.93,0.93
China,Asia,Wine,0.17,0.19,0.22,0.22,0.17,0.1,0.08,0.08,0.06,0.05,0.18,0.19,0.14,0.14,0.14
China,Asia,Spirits,3.72,3.71,3.7,3.65,3.98,3.25,2.64,2.31,1.88,1.67,1.75,1.77,1.8,1.77,1.99
China,Asia,Other alcoholic beverages,0,0,0,0,0,0,0,0,0,0,0,0,0,0,0
Colombia,South America,All types,4.38,4.41,4.44,4.37,4.28,4.34,4.45,4.66,4.53,4.38,4.26,4.25,4.45,4.43,4.66
Colombia,South America,Beer,3.03,3.03,3.05,2.95,2.86,2.95,3.06,3.18,3.03,2.84,2.66,2.66,2.73,2.61,2.89
Colombia,South America,Wine,0.05,0.05,0.06,0.05,0.05,0.04,0.04,0.04,0.04,0.03,0.03,0.03,0.03,0.02,0.03
Colombia,South America,Spirits,1.28,1.31,1.31,1.34,1.36,1.33,1.33,1.41,1.44,1.47,1.54,1.55,1.65,1.77,1.7
Colombia,South America,Other alcoholic beverages,0.02,0.02,0.02,0.02,0.02,0.02,0.02,0.02,0.02,0.02,0.03,0.02,0.03,0.03,0.03
Comoros,Africa,All types,,,,0.12,0.15,0.17,0.12,0.16,0.25,0.24,0.27,0.26,0.08,0.08,0.09
Comoros,Africa,Beer,,,,0.02,0.04,0.04,0.04,0.05,0.13,0.15,0.13,0.11,0.02,0.02,0.02
Comoros,Africa,Wine,,,,0.05,0.03,0.02,0.02,0.04,0.02,0.02,0.05,0.05,0.02,0.03,0.03
Comoros,Africa,Spirits,,,,0.05,0.08,0.1,0.06,0.07,0.09,0.06,0.08,0.1,0.04,0.04,0.03
Comoros,Africa,Other alcoholic beverages,,,,0,0,0,0,0,0,0,0,0,0,0,0
Congo,Africa,All types,,,,3.82,3.53,3.47,2.58,2.75,2.25,2.03,2.58,2.45,2.55,2.3,2.26
Congo,Africa,Beer,,,,3.27,2.9,2.86,1.96,2.15,1.76,1.54,1.72,1.72,1.75,1.54,1.6
Congo,Africa,Wine,,,,0.21,0.28,0.27,0.33,0.23,0.27,0.23,0.32,0.21,0.27,0.3,0.23
Congo,Africa,Spirits,,,,0.34,0.35,0.34,0.29,0.37,0.22,0.26,0.54,0.52,0.53,0.46,0.43
Congo,Africa,Other alcoholic beverages,,,,0,0,0,0,0,0,0,0,0,0,0,0
Cook Islands,Oceania,All types,,,,6.36,10.72,8.78,8.07,8.2,6.33,6.65,7.06,7.53,1.1,2.21,3.28
Cook Islands,Oceania,Beer,,,,2.43,2.07,3.06,2.36,2.94,2.65,2.75,3.06,2.46,0.55,1.25,0.48
Cook Islands,Oceania,Wine,,,,0.84,2.86,1.3,1.29,1.64,1.13,1.46,1.35,1.27,0.22,0.56,1.14
Cook Islands,Oceania,Spirits,,,,3.09,5.79,4.42,4.42,3.63,2.55,2.44,2.65,3.8,0.33,0.41,1.66
Cook Islands,Oceania,Other alcoholic beverages,,,,0,0,0,0,0,0,0,0,0,0,0,0
Costa Rica,Central America,All types,3.45,3.42,3.34,3.41,3.58,4.07,4.22,4.2,4.15,4.1,4.09,4.04,4.17,4.29,4.34
Costa Rica,Central America,Beer,2.2,2.17,2.17,2.07,2.07,2.43,2.46,2.4,2.32,2.28,2.23,2.24,2.23,2.25,2.27
Costa Rica,Central America,Wine,0.27,0.24,0.2,0.21,0.19,0.18,0.2,0.2,0.17,0.17,0.14,0.13,0.12,0.13,0.18
Costa Rica,Central America,Spirits,0.95,0.98,0.93,1.09,1.28,1.42,1.53,1.56,1.62,1.61,1.69,1.67,1.81,1.91,1.89
Costa Rica,Central America,Other alcoholic beverages,0.03,0.04,0.03,0.04,0.04,0.04,0.04,0.04,0.04,0.04,0.04,0,0,0,0
Croatia,Europe,All types,12.14,12.39,11.49,12.19,12.1,12.21,12.06,12.56,11.83,11.59,13.11,13.78,13.39,13.15,12.73
Croatia,Europe,Beer,4.23,4.59,4.53,4.7,4.46,4.73,5.01,5.13,4.99,4.85,4.94,5.12,4.99,5.2,5.08
Croatia,Europe,Wine,6.25,6.19,5.36,5.89,6.05,5.84,5.4,5.79,5.19,5.1,6.5,6.81,6.57,6.09,5.82
Croatia,Europe,Spirits,1.31,1.27,1.24,1.2,1.19,1.23,1.24,1.24,1.27,1.27,1.31,1.82,1.8,1.82,1.79
Croatia,Europe,Other alcoholic beverages,0.34,0.35,0.37,0.39,0.41,0.41,0.41,0.4,0.38,0.37,0.37,0.03,0.03,0.04,0.04
Cuba,Central America,All types,4.37,4.18,4.16,4.14,4.13,4.01,4.26,4.13,4.17,4.48,4.38,4.39,4.1,4.04,3.92
Cuba,Central America,Beer,1.74,1.69,1.65,1.63,1.6,1.59,1.66,1.6,1.56,1.48,1.52,1.51,1.31,1.31,1.33
Cuba,Central America,Wine,0.09,0.08,0.08,0.06,0.09,0.08,0.06,0.07,0.05,0.05,0.05,0.05,0.05,0.04,0.04
Cuba,Central America,Spirits,2.52,2.39,2.42,2.43,2.41,2.33,2.52,2.43,2.53,2.92,2.8,2.84,2.74,2.69,2.56
Cuba,Central America,Other alcoholic beverages,0.02,0.02,0.02,0.02,0.02,0.02,0.02,0.03,0.03,0.02,0.02,0,0,0,0
Cyprus,Europe,All types,,9.04,10.55,10.69,11.32,10.8,12.01,11.56,11.47,11.41,13.03,10.62,11.68,10.16,9.56
Cyprus,Europe,Beer,,3.3,3.48,3.53,3.78,3.68,3.89,3.7,3.58,3.62,3.6,3.56,3.5,3.71,3.69
Cyprus,Europe,Wine,,2.48,2.61,2.56,2.67,2.59,2.96,2.92,2.92,2.79,2.64,2.5,2.7,2.47,2.52
Cyprus,Europe,Spirits,,3.25,4.47,4.6,4.86,4.52,5.16,4.94,4.97,5,6.79,4.55,5.47,3.97,3.35
Cyprus,Europe,Other alcoholic beverages,,0,0,0,0,0,0,0,0,0,0,0,0,0,0
Czechia,Europe,All types,12.68,12.45,12.71,12.43,12.69,13.23,13.25,13.43,13.03,13.19,13.24,13.01,13.47,13.36,13.22
Czechia,Europe,Beer,6.93,6.9,6.96,6.65,6.79,7.03,7.15,7.03,7.03,7.39,7.67,7.56,7.64,7.59,7.48
Czechia,Europe,Wine,2.6,2.49,2.62,2.56,2.6,2.4,2.4,2.5,2.3,2.2,1.91,1.88,1.86,1.84,1.83
Czechia,Europe,Spirits,3.16,3.05,3.14,3.22,3.3,3.8,3.7,3.9,3.7,3.6,3.66,3.58,3.97,3.94,3.91
Czechia,Europe,Other alcoholic beverages,0,0,0,0,0,0,0,0,0,0,0,0,0,0,0
Democratic People's Republic of Korea,Asia,All types,,3.35,3.61,3.39,3.12,3.35,3.16,3.13,3.28,3.21,3.13,3.13,3.08,2.53,3.52
Democratic People's Republic of Korea,Asia,Beer,,0.09,0.09,0.15,0.16,0.15,0.14,0.18,0.19,0.2,0.19,0.21,0.2,0.2,0.23
Democratic People's Republic of Korea,Asia,Wine,,0,0,0,0,0,0,0,0,0,0,0,0,0,0
Democratic People's Republic of Korea,Asia,Spirits,,3.26,3.52,3.24,2.96,3.2,3.02,2.94,3.09,3.02,2.93,2.92,2.88,2.33,3.29
Democratic People's Republic of Korea,Asia,Other alcoholic beverages,,0,0,0,0,0,0,0,0,0,0,0,0,0,0
Democratic Republic of the Congo,Africa,All types,,,,1.82,1.81,2.13,2.09,1.52,1.53,1.43,1.44,1.83,1.85,1.9,1.98
Democratic Republic of the Congo,Africa,Beer,,,,0.69,0.62,0.56,0.55,0.49,0.42,0.34,0.32,0.27,0.27,0.27,0.38
Democratic Republic of the Congo,Africa,Wine,,,,0.22,0.22,0.17,0.23,0.02,0.01,0.01,0.01,0,0,0,0
Democratic Republic of the Congo,Africa,Spirits,,,,0.01,0.04,0.02,0.08,0.03,0.04,0.03,0.03,0.01,0.01,0.02,0.01
Democratic Republic of the Congo,Africa,Other alcoholic beverages,,,,0.9,0.93,1.37,1.23,0.99,1.06,1.05,1.09,1.54,1.57,1.61,1.59
Denmark,Europe,All types,9.64,9.5,9.26,10.47,10.28,10.08,10.7,10.99,11.02,11.28,11.27,11.54,11.34,11.56,11.69
Denmark,Europe,Beer,3.61,3.51,3.56,3.81,3.86,4.13,4.51,4.77,4.92,5.06,5.1,5.47,5.48,5.57,5.76
Denmark,Europe,Wine,4.35,4.33,4.11,5.05,4.92,4.38,4.47,4.41,4.34,4.44,4.32,4.47,4.43,4.6,4.53
Denmark,Europe,Spirits,1.6,1.58,1.52,1.51,1.44,1.52,1.66,1.74,1.69,1.78,1.85,1.6,1.42,1.39,1.41
Denmark,Europe,Other alcoholic beverages,0.08,0.07,0.08,0.1,0.05,0.05,0.06,0.07,0.07,0,0,0,0,0,0
Djibouti,Africa,All types,0.38,0.53,0.52,0.39,0.44,0.49,0.49,0.45,1.02,1.23,1.18,1.02,1.03,0.95,1.34
Djibouti,Africa,Beer,0.12,0.11,0.16,0.12,0.2,0.21,0.21,0.18,0.2,0.21,0.24,0.24,0.3,0.22,0.23
Djibouti,Africa,Wine,0.03,0.2,0.12,0.08,0.05,0.07,0.06,0.06,0.04,0.08,0.07,0.08,0.07,0.06,0.03
Djibouti,Africa,Spirits,0.22,0.22,0.23,0.19,0.18,0.21,0.21,0.22,0.75,0.94,0.86,0.7,0.66,0.67,1.08
Djibouti,Central America,Other alcoholic beverages,0,0,0,0,0,0,0,0,0.03,0,0,0,0,0,0
Dominica,Central America,All types,,,,5.46,7.45,7.45,9.74,8.51,8.62,8.12,8.66,7.28,8.52,8.74,8.91
Dominica,Central America,Beer,,,,0.11,0.48,0.43,0.98,0.83,0.77,0.5,0.88,0.31,0.84,1,0.81
Dominica,Central America,Wine,,,,0.48,0.74,0.63,1.36,1.13,0.71,0.86,0.73,0.77,0.98,0.88,1.08
Dominica,Central America,Spirits,,,,4.79,6.16,6.35,7.38,6.53,7.11,6.69,7.03,6.19,6.64,6.82,6.94
Dominica,Central America,Other alcoholic beverages,,,,0.09,0.08,0.05,0.03,0.02,0.03,0.07,0.02,0.01,0.06,0.04,0.07
Dominican Republic,Central America,All types,5.92,5.93,5.93,5.91,6.02,6.05,6.12,6.05,6.2,5.71,5.16,6.32,6.43,6.13,6.58
Dominican Republic,Central America,Beer,3.35,3.28,3.24,3.2,3.22,3.19,3.03,2.88,3.33,2.71,2.04,2.62,2.69,2.38,2.63
Dominican Republic,Central America,Wine,0.22,0.2,0.18,0.18,0.16,0.15,0.15,0.16,0.15,0.13,0.13,0.16,0.14,0.14,0.21
Dominican Republic,Central America,Spirits,2.29,2.39,2.44,2.47,2.57,2.65,2.87,2.96,2.67,2.81,2.94,3.54,3.6,3.61,3.73
Dominican Republic,Central America,Other alcoholic beverages,0.06,0.06,0.06,0.07,0.07,0.07,0.06,0.05,0.06,0.05,0.05,0,0,0,0
Ecuador,South America,All types,3.82,3.77,3.92,3.99,3.95,3.87,3.76,3.63,3.52,3.54,3.65,3.69,3.88,4.13,3.99
Ecuador,South America,Beer,2.99,2.96,2.88,2.78,2.67,2.62,2.39,2.16,2.1,1.92,1.81,1.75,1.64,1.5,1.35
Ecuador,South America,Wine,0.06,0.05,0.06,0.05,0.05,0.04,0.04,0.07,0.05,0.04,0.05,0.05,0.04,0.05,0.03
Ecuador,South America,Spirits,0.74,0.74,0.96,1.15,1.21,1.19,1.31,1.39,1.36,1.57,1.77,1.88,2.19,2.57,2.61
Ecuador,South America,Other alcoholic beverages,0.02,0.02,0.02,0.02,0.02,0.02,0.01,0.01,0.01,0.01,0.01,0,0,0,0
Egypt,Africa,All types,0.21,0.21,0.23,0.22,0.22,0.21,0.24,0.21,0.18,0.16,0.16,0.15,0.15,0.14,0.14
Egypt,Africa,Beer,0.14,0.14,0.13,0.14,0.12,0.12,0.12,0.11,0.11,0.09,0.08,0.07,0.07,0.06,0.06
Egypt,Africa,Wine,0,0,0.02,0.02,0.02,0.04,0.05,0.04,0.02,0.02,0.02,0.02,0.02,0.01,0.01
Egypt,Africa,Spirits,0.07,0.07,0.08,0.07,0.08,0.06,0.06,0.06,0.05,0.05,0.05,0.06,0.06,0.06,0.07
Egypt,Africa,Other alcoholic beverages,0,0,0,0,0,0,0,0,0,0,0,0,0,0,0
El Salvador,Central America,All types,2.52,2.42,2.48,2.37,2.36,2.55,2.68,2.83,2.77,2.77,2.9,3.1,2.97,2.88,2.79
El Salvador,Central America,Beer,1.16,1.12,1.09,1.01,1,0.99,1.04,1.09,1.06,0.99,1.13,1.12,1.14,1.12,1.09
El Salvador,Central America,Wine,0.04,0.04,0.03,0.04,0.04,0.04,0.03,0.03,0.03,0.03,0.03,0.1,0.02,0.02,0.04
El Salvador,Central America,Spirits,1.32,1.25,1.36,1.32,1.32,1.52,1.6,1.7,1.67,1.75,1.73,1.89,1.81,1.75,1.66
El Salvador,Central America,Other alcoholic beverages,0.01,0,0.01,0,0,0,0,0,0,0,0,0,0,0,0
Equatorial Guinea,Africa,All types,,10.72,11.89,10.99,9.93,7.97,8.34,6.86,7.28,7.19,6.28,7.13,6.01,5.07,4.46
Equatorial Guinea,Africa,Beer,,9.01,8.11,7.47,6.26,4.15,4.03,3.23,3.41,3.14,1.06,2.18,1.23,0.81,0.69
Equatorial Guinea,Africa,Wine,,1.71,3.78,3.52,3.67,3.82,4.31,3.63,3.87,4.06,5.23,4.95,4.77,4.26,3.77
Equatorial Guinea,Africa,Spirits,,0,0,0,0,0,0,0,0,0,0,0,0,0,0
Equatorial Guinea,Africa,Other alcoholic beverages,,0,0,0,0,0,0,0,0,0,0,0,0,0,0
Eritrea,Africa,All types,,,,0.62,0.61,0.63,0.49,1.23,0.97,1.07,0.64,0.56,0.83,0.61,0.83
Eritrea,Africa,Beer,,,,0.38,0.4,0.41,0.33,0.38,0.5,0.62,0.53,0.4,0.43,0.45,0.48
Eritrea,Africa,Wine,,,,0,0,0,0,0,0,0,0,0,0,0,0
Eritrea,Africa,Spirits,,,,0,0,0,0,0,0,0.02,0.02,0.02,0.02,0.03,0.01
Eritrea,Africa,Other alcoholic beverages,,,,0.23,0.21,0.22,0.16,0.85,0.46,0.44,0.09,0.14,0.38,0.13,0.34
Estonia,Europe,All types,,,,,14.97,15.04,16.99,17.87,16.58,15.52,15.07,11.64,11.48,,
Estonia,Europe,Beer,,,,,5.87,5.68,6.02,6.5,6.48,6.04,5.35,4.75,4.99,,
Estonia,Europe,Wine,,,,,1.65,1.41,1.54,1.44,1.5,1.47,1.15,0.82,0.8,,
Estonia,Europe,Spirits,,,,,5.64,6.19,7.3,7.87,6.62,6.13,6.18,4.81,4.37,,
Estonia,Europe,Other alcoholic beverages,,,,,1.81,1.76,2.13,2.06,1.98,1.88,2.39,1.26,1.32,,
Ethiopia,Africa,All types,,1.86,1.84,1.32,1.34,1.17,1.13,1.06,1.22,0.99,0.86,0.79,0.8,0.85,0.88
Ethiopia,Africa,Beer,,0.78,0.78,0.35,0.36,0.32,0.34,0.36,0.34,0.25,0.22,0.19,0.2,0.2,0.19
Ethiopia,Africa,Wine,,0,0,0,0,0.01,0,0.01,0.01,0.01,0.01,0.01,0.01,0.01,0.01
Ethiopia,Africa,Spirits,,0.12,0.12,0.05,0.06,0.06,0.06,0.07,0.07,0.05,0.04,0.04,0.04,0.03,0.05
Ethiopia,Africa,Other alcoholic beverages,,0.96,0.94,0.91,0.92,0.78,0.73,0.62,0.8,0.68,0.59,0.55,0.56,0.61,0.63
Fiji,Oceania,All types,,,,,2.25,2.31,1.95,2.09,2.06,2.02,1.63,1.76,1.85,1.93,2.05
Fiji,Oceania,Beer,,,,,1.35,1.34,1.35,1.36,1.37,1.42,1.44,1.47,1.67,1.67,1.76
Fiji,Oceania,Wine,,,,,0.02,0.02,0.02,0.02,0.02,0.02,0.02,0.01,0.02,0.11,0.08
Fiji,Oceania,Spirits,,,,,0.88,0.95,0.58,0.71,0.67,0.58,0.16,0.28,0.16,0.16,0.21
Fiji,Oceania,Other alcoholic beverages,,,,,0,0,0,0,0,0,0.01,0,0,0,0
Finland,Europe,All types,8.8,8.97,9.24,9.81,9.72,9.96,10.26,10.45,10.15,9.95,9.89,9.31,9.25,8.94,8.59
Finland,Europe,Beer,4.22,4.28,4.27,4.61,4.47,4.54,4.62,4.7,4.57,4.59,4.57,4.37,4.43,4.37,4.27
Finland,Europe,Wine,1.67,1.71,1.7,1.74,1.7,1.68,1.67,1.64,1.55,1.47,1.42,1.43,1.31,1.19,1.07
Finland,Europe,Spirits,1.94,2.03,2.16,2.25,2.33,2.49,2.69,2.86,2.86,2.82,2.79,2.38,2.37,2.32,2.22
Finland,Europe,Other alcoholic beverages,0.97,0.95,1.11,1.21,1.22,1.25,1.28,1.25,1.17,1.08,1.11,1.13,1.14,1.06,1.04
France,Europe,All types,11.5,11.1,11.5,11.8,11.7,11.8,11.9,12.2,12.4,12.2,13.18,13.49,13.78,13.89,13.63
France,Europe,Beer,2.3,1.8,2.1,2.1,2.2,2.2,2.2,2.3,2.4,2.3,2.24,2.29,2.25,2.15,2.08
France,Europe,Wine,6.4,6.5,6.7,6.9,6.6,6.7,6.7,7,7.1,7.1,8.1,8.36,8.59,8.4,8.59
France,Europe,Spirits,2.5,2.5,2.5,2.6,2.7,2.7,2.8,2.7,2.7,2.6,2.67,2.65,2.74,2.77,2.71
France,Europe,Other alcoholic beverages,0.3,0.3,0.2,0.2,0.2,0.2,0.2,0.2,0.2,0.2,0.17,0.19,0.2,0.56,0.25
Gabon,Africa,All types,,8.86,8.3,8.9,8.85,8.64,8.75,9.02,8.01,7.72,8.13,6.47,8.34,9.29,8.87
Gabon,Africa,Beer,,6.22,5.83,5.79,5.96,6.08,6.24,5.81,5.55,5.33,4.87,4.87,5.36,6.05,5.88
Gabon,Africa,Wine,,0.96,0.92,1.12,1.17,0.94,0.94,1.16,0.97,0.85,0.99,0.84,1.27,1.55,1.52
Gabon,Africa,Spirits,,1.61,1.49,1.94,1.69,1.59,1.55,2.02,1.46,1.51,2.24,0.77,1.7,1.69,1.47
Gabon,Africa,Other alcoholic beverages,,0.07,0.07,0.04,0.03,0.02,0.02,0.02,0.02,0.02,0.03,0,0,0,0
Gambia,Africa,All types,,,,3.41,3.48,2.99,2.79,2.64,2.93,2.26,2.51,2.47,2.08,2.25,2.18
Gambia,Africa,Beer,,,,0.27,0.17,0.17,0.18,0.24,0.24,0.23,0.25,0.23,0.2,0.19,0.2
Gambia,Africa,Wine,,,,0.02,0.02,0.03,0.04,0.05,0.03,0.05,0.05,0.04,0.05,0.02,0
Gambia,Africa,Spirits,,,,0.01,0.01,0.01,0.01,0.05,0.04,0,0.07,0.01,0.01,0.01,0.02
Gambia,Africa,Other alcoholic beverages,,,,3.12,3.28,2.79,2.57,2.29,2.62,1.98,2.14,2.19,1.82,2.03,1.96
Georgia,Asia,All types,6.13,5.91,7.71,8.14,7.24,6.66,7.17,8.65,6.18,4.7,3.74,3.36,2.72,2.76,3.28
Georgia,Asia,Beer,1.51,1.28,1.2,1.84,1.36,0.87,1.15,1.07,0.86,0.78,0.59,0.56,0.5,0.45,0.41
Georgia,Asia,Wine,2.5,2.51,4.33,4.18,3.76,3.79,3.98,5.53,3.39,2.01,1.27,1.27,1.12,1.24,1.57
Georgia,Asia,Spirits,2.11,2.11,2.18,2.11,2.11,2,2.04,2.04,1.93,1.91,1.87,1.53,1.1,1.07,1.3
Georgia,Asia,Other alcoholic beverages,0.01,0.01,0.01,0,0,0,0,0,0,0,0,0,0,0,0
Germany,Europe,All types,11.03,10.94,11.18,11.2,11.2,11.22,11.36,11.5,11.76,11.67,11.83,11.92,12.25,12.46,12.91
Germany,Europe,Beer,5.86,5.81,5.93,5.94,6.01,6.13,6.14,6.27,6.52,6.42,6.29,6.43,6.67,6.71,7.16
Germany,Europe,Wine,3.1,3.08,3.19,3.2,3.12,3.01,3.13,3.14,3.03,3.03,3.06,3.14,3.14,3.21,3.18
Germany,Europe,Spirits,2.07,2.05,2.05,2.06,2.08,2.08,2.09,2.09,2.21,2.22,2.48,2.35,2.44,2.54,2.57
Germany,Europe,Other alcoholic beverages,0,0,0,0,0,0,0,0,0,0,0,0,0,0,0
Ghana,Africa,All types,,,,1.64,1.69,1.76,1.78,1.25,1.7,1.5,1.46,1.53,1.6,1.49,1.6
Ghana,Africa,Beer,,,,0.47,0.48,0.47,0.48,0.48,0.49,0.43,0.42,0.4,0.41,0.34,0.41
Ghana,Africa,Wine,,,,0.21,0.17,0.12,0.15,0.14,0.11,0.08,0.08,0.07,0.05,0.04,0.04
Ghana,Africa,Spirits,,,,0.11,0.04,0.06,0.11,0.09,0.07,0.03,0.04,0.04,0.18,0.15,0.12
Ghana,Africa,Other alcoholic beverages,,,,0.85,0.99,1.11,1.04,0.55,1.03,0.97,0.92,1.03,0.96,0.96,1.03
Greece,Africa,All types,7.53,7.46,8.2,8.02,9,9.08,9.51,9.67,9.42,9.95,9.56,9.46,8.09,8.62,8.48
Greece,Africa,Beer,2.07,2.11,2.11,2.11,2.25,2.28,2.42,2.39,2.27,2.21,2.22,2.25,2.38,2.35,2.4
Greece,Africa,Wine,3.92,3.79,4.54,4.21,4.8,4.48,4.72,4.88,4.74,5.31,4.91,4.58,3.14,3.78,3.69
Greece,Africa,Spirits,1.48,1.49,1.49,1.63,1.85,2.19,2.23,2.27,2.27,2.26,2.25,2.62,2.56,2.49,2.38
Greece,Africa,Other alcoholic beverages,0.06,0.07,0.07,0.07,0.1,0.13,0.14,0.14,0.15,0.16,0.17,0.01,0.01,0.01,0.01
Grenada,Africa,All types,8.42,8.25,8.07,7.84,7.91,8.42,8.92,9.06,9.06,8.8,8.43,9.75,10.71,9.61,9.4
Grenada,Africa,Beer,3.59,3.58,3.57,3.54,3.55,3.54,3.86,4,4.16,3.87,3.62,3.73,3.47,3.52,3.5
Grenada,Africa,Wine,0.59,0.49,0.42,0.38,0.43,0.49,0.49,0.47,0.32,0.4,0.28,0.41,0.32,0.37,0.74
Grenada,Africa,Spirits,3.94,3.94,3.89,3.72,3.73,4.12,4.26,4.35,4.39,4.36,4.38,5.6,6.92,5.71,5.15
Grenada,Africa,Other alcoholic beverages,0.29,0.23,0.2,0.2,0.2,0.27,0.31,0.24,0.2,0.17,0.15,0.01,0.01,0.01,0.01
Guatemala,Central America,All types,1.88,1.93,2.02,2.16,2.14,2.14,2.21,2.4,2.38,2.35,2.4,2.45,2.41,2.53,2.63
Guatemala,Central America,Beer,0.99,0.98,0.99,0.91,0.87,0.85,0.94,1.1,1.12,1.12,1.18,1.11,1,1.06,1.11
Guatemala,Central America,Wine,0.04,0.04,0.04,0.03,0.03,0.03,0.03,0.04,0.03,0.03,0.03,0.03,0.03,0.03,0.03
Guatemala,Central America,Spirits,0.84,0.9,0.99,1.21,1.22,1.25,1.24,1.26,1.22,1.19,1.19,1.31,1.38,1.44,1.49
Guatemala,Central America,Other alcoholic beverages,0.01,0.01,0.01,0.01,0.01,0.01,0.01,0,0.01,0,0,0,0,0,0
Guinea,Africa,All types,,,,0.22,0.2,0.18,0.21,0.19,0.16,0.21,0.34,0.18,0.21,0.17,0.17
Guinea,Africa,Beer,,,,0.18,0.15,0.15,0.17,0.15,0.12,0.16,0.16,0.16,0.17,0.15,0.15
Guinea,Africa,Wine,,,,0.02,0.03,0.02,0.03,0.02,0.01,0.02,0.02,0.02,0.04,0.02,0.01
Guinea,Africa,Spirits,,,,0.01,0.01,0.01,0.01,0.01,0.01,0.03,0.16,0,0,0.01,0.01
Guinea,Africa,Other alcoholic beverages,,,,0.01,0.01,0,0,0.01,0,0,0,0,0,0,0
Guinea-Bissau,Africa,All types,,,,3.57,3.21,2.55,2.64,2.98,3.22,3.1,2.58,2.16,2.47,2.55,2.84
Guinea-Bissau,Africa,Beer,,,,0.5,0.44,0.47,0.31,0.37,0.38,0.43,0.4,0.32,0.32,0.37,0.54
Guinea-Bissau,Africa,Wine,,,,0.9,0.69,0.53,0.54,0.59,0.41,0.6,0.51,0.54,0.63,0.45,0.58
Guinea-Bissau,Africa,Spirits,,,,0.53,0.54,0.53,0.54,0.51,0.52,0.53,0.53,0.54,0.55,0.6,0.6
Guinea-Bissau,Africa,Other alcoholic beverages,,,,1.64,1.54,1.02,1.25,1.5,1.9,1.55,1.14,0.76,0.97,1.13,1.12
Guyana,South America,All types,7.64,7.56,7.57,7.56,7.52,7.49,7.32,7.2,7.04,7.35,7.84,7.93,7.73,6.71,6.63
Guyana,South America,Beer,1.92,1.9,1.86,1.8,1.74,1.65,1.55,1.51,1.45,1.33,1.33,1.39,1.66,1.58,1.59
Guyana,South America,Wine,0.02,0.02,0.02,0.03,0.02,0.02,0.02,0.09,0.01,0.01,0.02,0.02,0.02,0.01,0
Guyana,South America,Spirits,5.66,5.61,5.66,5.71,5.74,5.79,5.71,5.57,5.55,5.99,6.46,6.52,6.05,5.12,5.04
Guyana,South America,Other alcoholic beverages,0.03,0.03,0.03,0.03,0.03,0.03,0.03,0.03,0.03,0.03,0.03,0,0,0,0
Haiti,Central America,All types,,5.68,5.68,5.68,5.76,5.85,5.95,6.08,6.18,5.57,6.1,6.64,6.1,6.22,4.79
Haiti,Central America,Beer,,0.01,0.01,0.01,0.01,0.01,0.01,0.01,0.02,0.01,0.01,0.01,0.03,0.03,0.03
Haiti,Central America,Wine,,0.02,0.02,0.02,0.01,0.01,0.01,0.02,0.01,0.01,0.01,0.01,0.02,0.02,0.01
Haiti,Central America,Spirits,,5.65,5.65,5.65,5.73,5.83,5.93,6.05,6.15,5.55,6.08,6.62,6.05,6.17,4.75
Haiti,Central America,Other alcoholic beverages,,0,0,0,0,0,0,0,0,0,0,0,0,0,0
Honduras,Central America,All types,2.87,3.11,3.11,3.1,3.1,3.08,3.14,3.16,3.23,3.23,3.02,3.04,3.09,2.74,2.61
Honduras,Central America,Beer,1.46,1.43,1.41,1.38,1.36,1.33,1.33,1.3,1.28,1.27,1.27,1.38,1.41,1.33,1.34
Honduras,Central America,Wine,0.03,0.03,0.03,0.03,0.03,0.02,0.03,0.01,0.02,0.04,0.02,0.02,0.02,0.01,0.04
Honduras,Central America,Spirits,1.37,1.65,1.66,1.69,1.71,1.73,1.78,1.85,1.93,1.92,1.72,1.64,1.66,1.4,1.23
Honduras,Central America,Other alcoholic beverages,0,0,0,0,0,0,0,0,0,0,0,0,0,0,0
Hungary,Europe,All types,,10.88,11.27,11.51,10.78,11.46,11.64,12.55,13.16,12.94,13.28,13.24,13.29,13.18,12.22
Hungary,Europe,Beer,,3.79,4.08,4.05,3.91,4.26,4.28,4.58,4.38,4.3,4.34,4.47,4.34,4.25,4.3
Hungary,Europe,Wine,,3.35,3.33,3.65,3.17,3.21,3.25,3.85,4.53,4.5,4.66,4.6,4.89,4.86,4.08
Hungary,Europe,Spirits,,3.75,3.87,3.81,3.7,3.99,4.11,4.12,4.25,4.14,4.27,4.17,4.06,4.07,3.84
Hungary,Europe,Other alcoholic beverages,,0,0,0,0,0,0,0,0,0,0,0,0,0,0
Iceland,Europe,All types,7.45,7.31,7.81,8.13,8.25,10.22,8.49,7.53,7.2,7.05,6.79,6.61,6.61,6.37,6.17
Iceland,Europe,Beer,4.59,4.43,4.62,4.89,4.98,5.53,4.65,3.95,3.78,3.67,3.49,3.35,3.29,3.12,3.03
Iceland,Europe,Wine,2.03,2.04,2.3,2.32,2.26,3.47,2.42,2.04,1.97,1.95,1.91,1.79,1.67,1.52,1.38
Iceland,Europe,Spirits,0.72,0.74,0.77,0.8,0.87,1.06,1.2,1.46,1.36,1.33,1.31,1.39,1.58,1.68,1.73
Iceland,Europe,Other alcoholic beverages,0.1,0.11,0.11,0.12,0.13,0.16,0.22,0.08,0.09,0.1,0.08,0.08,0.07,0.05,0.03
India,Asia,All types,3.07,3.11,3.1,3,2.77,2.5,1.93,1.59,1.37,1.27,1.2,1.19,1.1,1,0.93
India,Asia,Beer,0.21,0.21,0.19,0.18,0.17,0.15,0.14,0.13,0.11,0.09,0.08,0.08,0.07,0.07,0.07
India,Asia,Wine,0,0,0,0,0,0,0,0.02,0.02,0.02,0.02,0.01,0.01,0.01,0
India,Asia,Spirits,2.86,2.89,2.91,2.82,2.6,2.35,1.79,1.45,1.25,1.17,1.11,1.1,1.01,0.92,0.87
India,Asia,Other alcoholic beverages,0,0,0,0,0,0,0,0,0,0,0,0,0,0,0
Indonesia,Asia,All types,0.09,0.09,0.08,0.08,0.08,0.08,0.07,0.06,0.06,0.06,0.06,0.05,0.05,0.06,0.06
Indonesia,Asia,Beer,0.07,0.07,0.06,0.06,0.07,0.06,0.06,0.06,0.06,0.06,0.05,0.05,0.05,0.06,0.06
Indonesia,Asia,Wine,0,0,0,0,0,0,0,0,0,0,0,0,0,0,0
Indonesia,Asia,Spirits,0.01,0.01,0.01,0.01,0.01,0.01,0.01,0,0,0,0,0,0,0,0
Indonesia,Asia,Other alcoholic beverages,0,0,0,0,0,0,0,0,0,0,0,0,0,0,0
Iran (Islamic Republic of),Asia,All types,,,,0.03,0.03,0.03,0.02,0.02,0.02,0.01,0.01,0.01,0,0,0
Iran (Islamic Republic of),Asia,Beer,,,,0,0,0,0,0,0,0,0,0,0,0,0
Iran (Islamic Republic of),Asia,Wine,,,,0,0,0,0,0,0,0,0,0,0,0,0
Iran (Islamic Republic of),Asia,Spirits,,,,0.03,0.03,0.03,0.02,0.02,0.02,0.01,0.01,0.01,0,0,0
Iran (Islamic Republic of),Asia,Other alcoholic beverages,,,,0,0,0,0,0,0,0,0,0,0,0,0
Iraq,Asia,All types,,,,0.17,0.19,0.2,0.17,0.14,0.03,0.18,0.32,0.07,0.15,0.17,0.2
Iraq,Asia,Beer,,,,0.12,0.14,0.15,0.13,0.11,0,0.15,0.3,0.06,0.14,0.16,0.2
Iraq,Asia,Wine,,,,0,0,0,0,0,0,0,0,0,0,0,0
Iraq,Asia,Spirits,,,,0.05,0.04,0.04,0.03,0.03,0.03,0.03,0.02,0.01,0.01,0,0
Iraq,Asia,Other alcoholic beverages,,,,0,0,0,0,0,0,0,0,0,0,0,0
Ireland,Europe,All types,10.75,10.49,11.49,11.72,11.88,11.41,12.66,13.59,13.44,13.31,13.32,13.24,14.17,14.27,14.07
Ireland,Europe,Beer,5.13,4.99,5.37,5.5,5.73,5.84,6.31,6.74,6.87,6.99,7.1,7.31,7.67,7.88,8.01
Ireland,Europe,Wine,2.8,2.64,2.93,3.02,2.98,2.58,2.8,2.93,2.77,2.62,2.57,2.29,2.17,1.97,1.79
Ireland,Europe,Spirits,1.97,2.01,2.3,2.27,2.22,2.01,2.5,2.73,2.58,2.5,2.48,2.46,3.15,3.06,3.02
Ireland,Europe,Other alcoholic beverages,0.85,0.86,0.89,0.93,0.94,0.98,1.05,1.2,1.22,1.2,1.17,1.17,1.18,1.36,1.25
Israel,Asia,All types,2.62,2.69,2.78,2.67,2.63,2.55,2.47,2.33,2.23,2.41,2.23,2.32,2.47,2.53,2.53
Israel,Asia,Beer,1.34,1.29,1.28,1.22,1.15,1.05,1.02,0.97,0.78,0.88,0.76,0.79,0.92,1.05,1.12
Israel,Asia,Wine,0.17,0.13,0.18,0.18,0.18,0.18,0.21,0.17,0.18,0.22,0.17,0.17,0.22,0.19,0.25
Israel,Asia,Spirits,1.07,1.23,1.26,1.22,1.24,1.27,1.19,1.15,1.21,1.27,1.24,1.36,1.32,1.29,1.16
Israel,Asia,Other alcoholic beverages,0.04,0.04,0.05,0.05,0.05,0.05,0.05,0.05,0.05,0.05,0.06,0,0,0,0
Italy,Europe,All types,7.56,7.35,7.49,6.98,6.95,7.25,7.96,8.37,8.44,8.65,8.98,9.3,9.25,9.69,9.78
Italy,Europe,Beer,1.73,1.7,1.7,1.69,1.66,1.63,1.71,1.81,1.76,1.73,1.72,1.75,1.64,1.69,1.64
Italy,Europe,Wine,4.97,4.86,4.99,4.45,4.45,4.79,5.41,5.72,5.7,5.85,6.19,6.47,6.54,6.93,7.06
Italy,Europe,Spirits,0.86,0.79,0.79,0.84,0.84,0.84,0.84,0.84,0.98,1.07,1.07,1.07,1.07,1.07,1.07
Italy,Europe,Other alcoholic beverages,0,0,0,0,0,0,0,0,0,0,0,0,0,0,0
Jamaica,Central America,All types,3.83,3.79,3.65,3.58,3.55,3.33,3.51,3.64,3.63,3.59,3.67,3.48,3.76,3.89,3.46
Jamaica,Central America,Beer,1.42,1.39,1.35,1.35,1.33,1.39,1.63,1.65,1.56,1.5,1.55,1.56,1.74,1.81,1.64
Jamaica,Central America,Wine,0.16,0.16,0.15,0.13,0.17,0.14,0.14,0.18,0.15,0.11,0.14,0.09,0.12,0.12,0.1
Jamaica,Central America,Spirits,1.93,1.96,1.88,1.85,1.79,1.52,1.43,1.51,1.6,1.66,1.66,1.83,1.9,1.95,1.71
Jamaica,Central America,Other alcoholic beverages,0.32,0.28,0.27,0.26,0.26,0.28,0.31,0.3,0.32,0.32,0.33,0,0,0,0
Japan,Asia,All types,,7.55,7.39,7.39,6.9,7.09,7.11,7.29,7.49,7.99,7.7,7.83,7.87,8.03,7.97
Japan,Asia,Beer,,1.39,1.37,1.39,1.33,1.39,1.48,1.63,1.67,1.72,1.75,1.81,1.97,2.21,2.5
Japan,Asia,Wine,,0.39,0.37,0.33,0.28,0.27,0.26,0.25,0.26,0.29,0.31,0.27,0.28,0.28,0.29
Japan,Asia,Spirits,,4.29,4.13,4.09,3.76,3.77,3.55,3.41,3.37,3.37,3.42,3.34,3.14,3.05,2.94
Japan,Asia,Other alcoholic beverages,,1.49,1.51,1.59,1.53,1.66,1.82,2,2.19,2.61,2.22,2.42,2.48,2.48,2.23
Jordan,Asia,All types,0.41,0.4,0.41,0.43,0.51,0.59,0.61,0.6,0.59,0.55,0.54,0.54,0.54,0.55,0.49
Jordan,Asia,Beer,0.06,0.05,0.05,0.04,0.1,0.19,0.19,0.18,0.18,0.16,0.15,0.13,0.14,0.15,0.07
Jordan,Asia,Wine,0.01,0.01,0.01,0.01,0.01,0.01,0.01,0.01,0.02,0.02,0.01,0.02,0.01,0.01,0.01
Jordan,Asia,Spirits,0.33,0.33,0.34,0.36,0.39,0.38,0.4,0.39,0.39,0.36,0.37,0.39,0.39,0.39,0.41
Jordan,Asia,Other alcoholic beverages,0.01,0.01,0.01,0.01,0.01,0.01,0.01,0.01,0.01,0.01,0.01,0,0,0,0
Kazakhstan,Asia,All types,6.29,6.48,6.82,6.63,6.83,6.64,7.6,7.44,7.08,6.94,6.55,6.58,5.99,5.75,6
Kazakhstan,Asia,Beer,1.87,2,2.06,1.93,2.11,1.93,2.88,2.59,2.22,1.92,1.52,1.37,1.16,0.99,0.85
Kazakhstan,Asia,Wine,0.35,0.33,0.45,0.4,0.37,0.35,0.27,0.33,0.35,0.48,0.4,0.53,0.29,0.18,0.35
Kazakhstan,Asia,Spirits,4.07,4.14,4.3,4.29,4.35,4.35,4.45,4.51,4.51,4.54,4.62,4.67,4.53,4.58,4.8
Kazakhstan,Asia,Other alcoholic beverages,0,0,0,0,0,0,0,0,0,0,0,0,0,0,0
Kenya,Africa,Beer,,,,,,,,,,,,,,,0.7
Kenya,Africa,All types,,1.84,1.81,1.8,1.73,1.86,1.71,1.97,1.76,1.82,1.43,1.49,1.66,1.63,1.51
Kenya,Africa,Beer,,0.91,0.95,0.91,0.96,1.04,1.05,0.94,0.81,0.84,0.65,0.55,0.66,0.67,0.65
Kenya,Africa,Wine,,0.04,0.03,0.04,0.03,0.02,0.02,0.03,0.02,0.02,0.02,0.01,0.02,0.02,0.01
Kenya,Africa,Spirits,,0.39,0.43,0.44,0.4,0.41,0.44,0.43,0.44,0.46,0.49,0.47,0.53,0.54,0.53
Kenya,Africa,Other alcoholic beverages,,0.5,0.41,0.42,0.34,0.4,0.2,0.57,0.48,0.5,0.28,0.45,0.45,0.4,0.32
Kiribati,Oceania,All types,,,,0.53,0.48,0.54,0.46,0.68,0.76,0.6,0.48,0.5,0.49,0.6,0.46
Kiribati,Oceania,Beer,,,,0.43,0.44,0.47,0.42,0.49,0.63,0.56,0.43,0.4,0.45,0.42,0.39
Kiribati,Oceania,Wine,,,,0.03,0.03,0.02,0.02,0.16,0.1,0.01,0,0,0,0.01,0.02
Kiribati,Oceania,Spirits,,,,0.08,0,0.05,0.02,0.03,0.03,0.02,0.03,0.02,0.04,0.17,0.05
Kiribati,Oceania,Other alcoholic beverages,,,,0,0,0,0,0,0,0.01,0.01,0,0,0,0
Kuwait,Asia,All types,,,,0.02,0.01,0.1,0.03,0.03,0.01,0.01,0.02,0.03,0.01,0.01,0.01
Kuwait,Asia,Beer,,,,0.01,0,0.09,0.02,0.01,0,0,0,0.02,0,0,0
Kuwait,Asia,Wine,,,,0,0,0,0,0,0,0,0.01,0,0,0,0
Kuwait,Asia,Spirits,,,,0.01,0.01,0.01,0.01,0.01,0.01,0.01,0.01,0.01,0.01,0.01,0.01
Kuwait,Asia,Other alcoholic beverages,,,,0,0,0,0,0,0,0,0,0,0,0,0
Kyrgyzstan,Asia,All types,,,,3.28,2.73,2.39,2.53,2.77,2.48,2.81,3.41,3.52,3.31,2.62,2.13
Kyrgyzstan,Asia,Beer,,,,0.68,0.63,0.56,0.64,0.76,0.61,0.64,0.59,0.36,0.26,0.25,0.26
Kyrgyzstan,Asia,Wine,,,,0.09,0.1,0.1,0.09,0.09,0.09,0.08,0.11,0.1,0.07,0.09,0.09
Kyrgyzstan,Asia,Spirits,,,,2.5,2,1.72,1.79,1.91,1.77,2.08,2.7,3.03,2.94,2.25,1.76
Kyrgyzstan,Asia,Other alcoholic beverages,,,,0.01,0.01,0,0.01,0.01,0.01,0.01,0.01,0.02,0.03,0.04,0.02
Lao People's Democratic Republic,Asia,All types,,,,5.39,5.95,5.18,5.1,5,3.69,3.68,3.53,3.41,3.33,3.13,5.16
Lao People's Democratic Republic,Asia,Beer,,,,2.55,2.39,2.15,2.02,1.74,1.49,1.4,1.22,1.11,1.01,0.93,0.84
Lao People's Democratic Republic,Asia,Wine,,,,0,0,0,0,0,0,0,0,0,0,0.01,0.02
Lao People's Democratic Republic,Asia,Spirits,,,,2.84,3.56,3.03,3.08,3.26,2.2,2.27,2.31,2.3,2.32,2.18,4.3
Lao People's Democratic Republic,Asia,Other alcoholic beverages,,,,0,0,0,0,0,0,0,0,0,0,0,0
Latvia,Europe,All types,,10.37,10.21,10.14,9.8,9.85,11.84,12.12,10.4,9.92,8.81,8.24,7.44,6.68,7.13
Latvia,Europe,Beer,,4.67,4.67,4.89,4.57,4.35,4.12,4.15,4.09,3.8,3.69,2.97,2.74,2.12,1.97
Latvia,Europe,Wine,,1.1,1.16,1.1,1.1,1.03,1.13,1.18,1.06,0.94,0.95,1.78,1.5,1.38,1.6
Latvia,Europe,Spirits,,4,3.77,3.59,3.61,3.94,5.8,5.91,4.48,4.57,3.74,3.33,3.04,3.04,3.45
Latvia,Europe,Other alcoholic beverages,,0.6,0.6,0.56,0.52,0.53,0.79,0.88,0.78,0.6,0.43,0.16,0.16,0.14,0.11
Lebanon,Asia,All types,1.32,1.29,1.53,1.57,1.58,1.62,1.67,1.72,1.82,1.94,2.1,2.19,1.98,2.19,2.26
Lebanon,Asia,Beer,0.39,0.32,0.33,0.35,0.41,0.39,0.39,0.39,0.38,0.41,0.45,0.44,0.44,0.44,0.44
Lebanon,Asia,Wine,0.16,0.17,0.35,0.31,0.25,0.32,0.42,0.52,0.66,0.77,0.82,0.85,0.59,0.64,0.7
Lebanon,Asia,Spirits,0.74,0.79,0.83,0.89,0.9,0.89,0.85,0.79,0.76,0.75,0.82,0.89,0.95,1.11,1.12
Lebanon,Asia,Other alcoholic beverages,0.02,0.02,0.02,0.02,0.02,0.02,0.02,0.02,0.02,0.02,0.02,0,0,0,0
Lesotho,Africa,All types,,,,2.39,2.71,2.75,2.75,2.69,2.61,2.67,1.8,1.99,2.95,2.86,3.1
Lesotho,Africa,Beer,,,,1.5,1.49,1.33,1.35,1.3,1.23,1.26,1.31,1.37,1.48,1.57,1.54
Lesotho,Africa,Wine,,,,0.01,0.01,0.01,0.01,0.01,0,0,0,0,0,0.04,0.04
Lesotho,Africa,Spirits,,,,0.6,0.61,0.55,0.56,0.55,0.54,0.53,0,0,0.35,0.36,0.37
Lesotho,Africa,Other alcoholic beverages,,,,0.29,0.61,0.86,0.83,0.83,0.83,0.88,0.49,0.62,1.12,0.89,1.15
Liberia,Africa,All types,,,,3.72,3.64,3.75,3.88,4.03,4.05,4.19,4.24,4.21,4.27,4.4,4.46
Liberia,Africa,Beer,,,,0.49,0.33,0.34,0.34,0.34,0.3,0.29,0.25,0.15,0.15,0.17,0.17
Liberia,Africa,Wine,,,,0.05,0.03,0.01,0.01,0.01,0,0,0,0,0,0,0
Liberia,Africa,Spirits,,,,3.18,3.28,3.4,3.54,3.68,3.75,3.89,3.99,4.07,4.12,4.23,4.29
Liberia,Africa,Other alcoholic beverages,,,,0.01,0.01,0,0,0,0,0,0,0,0,0,0
Libya,Asia,All types,,,,0,0,0.01,0.01,0.01,0.01,0,0.01,0.01,0.01,0,0.01
Libya,Asia,Beer,,,,0,0,0.01,0,0,0.01,0,0,0,0,0,0
Libya,Asia,Wine,,,,0,0,0,0,0,0,0,0,0,0,0,0
Libya,Asia,Spirits,,,,0,0,0.01,0.01,0,0,0,0.01,0.01,0,0,0.01
Libya,Asia,Other alcoholic beverages,,,,0,0,0,0,0,0,0,0,0,0,0,0
Lithuania,Europe,All types,15.19,15.04,15.14,12.66,12.9,12.4,13.3,13.4,12.7,12.3,12.1,11.29,11,10.2,9.87
Lithuania,Europe,Beer,5.46,5.26,5.6,5.43,6,5.4,5.4,5.6,6,5.8,4.62,4.58,4.66,4,3.78
Lithuania,Europe,Wine,1.5,1.48,1.44,1.04,1,0.9,0.9,0.9,1.4,1.4,2.37,2.24,2.06,1.89,2.1
Lithuania,Europe,Spirits,5.79,5.72,5.62,4.21,4.4,4.6,5.5,5.3,4.5,4.5,4.31,3.71,3.59,3.67,3.3
Lithuania,Europe,Other alcoholic beverages,2.44,2.58,2.47,1.97,1.5,1.5,1.5,1.6,0.8,0.6,0.79,0.76,0.69,0.64,0.69
Luxembourg,Europe,All types,11.12,11.02,11.34,11.5,11.36,11.42,11.53,11.75,11.98,11.84,12.42,12.61,12.91,12.89,13.14
Luxembourg,Europe,Beer,4.08,3.8,4.02,4.02,4.11,4.17,4.17,4.29,4.46,4.36,4.27,4.36,4.46,4.43,4.62
Luxembourg,Europe,Wine,4.75,4.79,4.95,5.05,4.86,4.86,4.92,5.07,5.06,5.07,5.58,5.75,5.86,5.81,5.88
Luxembourg,Europe,Spirits,2.28,2.28,2.28,2.33,2.39,2.39,2.44,2.4,2.46,2.41,2.58,2.5,2.59,2.66,2.64
Luxembourg,Europe,Other alcoholic beverages,0,0,0,0,0,0,0,0,0,0,0,0,0,0,0
Madagascar,Africa,All types,,0.87,0.87,0.97,1.03,0.91,0.68,0.71,0.68,0.72,0.81,0.93,0.9,1.05,1.16
Madagascar,Africa,Beer,,0.42,0.45,0.5,0.53,0.4,0.37,0.38,0.34,0.34,0.36,0.38,0.28,0.41,0.4
Madagascar,Africa,Wine,,0.1,0.1,0.17,0.17,0.17,0.17,0.17,0.17,0.15,0.13,0.22,0.22,0.12,0.13
Madagascar,Africa,Spirits,,0.34,0.31,0.3,0.33,0.34,0.14,0.16,0.17,0.23,0.32,0.33,0.4,0.52,0.64
Madagascar,Africa,Other alcoholic beverages,,0,0,0,0,0,0,0,0,0,0,0,0,0,0
Malawi,Africa,All types,,,,1.23,1.08,1.16,1.27,1.18,1.18,1.04,1.11,1.08,1.1,1.15,1.18
Malawi,Africa,Beer,,,,0.15,0.15,0.15,0.14,0.14,0.14,0.14,0.14,0.14,0.15,0.15,0.16
Malawi,Africa,Wine,,,,0.02,0.02,0.02,0.15,0,0.01,0.01,0.01,0.02,0.01,0.01,0
Malawi,Africa,Spirits,,,,0.16,0.17,0.2,0.15,0.19,0.22,0.22,0.28,0.24,0.25,0.27,0.29
Malawi,Africa,Other alcoholic beverages,,,,0.9,0.74,0.79,0.83,0.85,0.82,0.67,0.68,0.68,0.69,0.71,0.74
Malaysia,Asia,All types,0.52,0.53,0.53,0.51,0.49,0.47,0.47,0.43,0.42,0.46,0.49,0.48,0.49,0.53,0.54
Malaysia,Asia,Beer,0.39,0.4,0.41,0.39,0.38,0.37,0.37,0.34,0.34,0.38,0.41,0.4,0.41,0.41,0.45
Malaysia,Asia,Wine,0.01,0.01,0,0,0,0,0.01,0.01,0,0.01,0.01,0,0,0.04,0.02
Malaysia,Asia,Spirits,0.11,0.12,0.12,0.11,0.1,0.09,0.1,0.08,0.08,0.08,0.08,0.08,0.08,0.08,0.08
Malaysia,Asia,Other alcoholic beverages,0.01,0.01,0.01,0,0,0,0,0,0,0,0,0,0,0,0
Maldives,Asia,All types,,,,1.92,1.83,1.59,1.76,1.78,1.62,1.47,1.6,1.75,1.95,1.98,1.83
Maldives,Asia,Beer,,,,0.5,0.5,0.46,0.54,0.56,0.53,0.4,0.56,0.48,0.42,0.44,0.5
Maldives,Asia,Wine,,,,0.54,0.46,0.33,0.37,0.37,0.29,0.31,0.36,0.34,0.19,0.15,0.04
Maldives,Asia,Spirits,,,,0.88,0.88,0.8,0.86,0.85,0.79,0.77,0.68,0.93,1.34,1.38,1.29
Maldives,Asia,Other alcoholic beverages,,,,0,0,0,0,0,0,0,0,0,0,0,0
Mali,Africa,All types,,,,0.61,0.6,0.59,0.57,0.55,0.53,0.55,0.49,0.54,0.53,0.51,0.47
Mali,Africa,Beer,,,,0.08,0.08,0.08,0.07,0.07,0.07,0.07,0.07,0.07,0.07,0.07,0.07
Mali,Africa,Wine,,,,0.01,0.01,0,0,0,0,0,0,0.01,0.05,0.02,0.01
Mali,Africa,Spirits,,,,0.02,0.02,0.01,0.02,0.01,0.01,0,0.01,0.01,0.01,0.01,0
Mali,Africa,Other alcoholic beverages,,,,0.5,0.5,0.49,0.48,0.46,0.45,0.47,0.41,0.46,0.4,0.4,0.39
Malta,Europe,All types,8.49,8.58,7.67,6.91,7.91,7.38,7.14,7.45,8.84,6.41,6.53,6.7,5.73,5.62,5.59
Malta,Europe,Beer,2.88,2.9,3.07,2.58,2.89,2.71,2.66,2.37,2.15,1.7,1.86,1.83,2.61,2.72,2.83
Malta,Europe,Wine,3.25,3.26,2.4,2.28,3.1,2.91,2.72,3.25,4.9,2.96,3.01,3.08,1.29,1.15,0.97
Malta,Europe,Spirits,1.99,2.06,1.87,1.75,1.62,1.46,1.44,1.51,1.49,1.47,1.42,1.77,1.8,1.75,1.78
Malta,Europe,Other alcoholic beverages,0.37,0.37,0.33,0.31,0.3,0.3,0.32,0.33,0.3,0.28,0.24,0.02,0.02,0,0
Marshall Islands,Oceania,All types,,,,,0,0,0,0,0,0,0,0,0,0,0
Marshall Islands,Oceania,Beer,,,,,0,0,0,0,0,0,0,0,0,0,0
Marshall Islands,Oceania,Wine,,,,,0,0,0,0,0,0,0,0,0,0,0
Marshall Islands,Oceania,Spirits,,,,,0,0,0,0,0,0,0,0,0,0,0
Marshall Islands,Oceania,Other alcoholic beverages,,,,,0,0,0,0,0,0,0,0,0,0,0
Mauritania,Africa,All types,,,,0.01,0.01,0,0.02,0.02,0.01,0.01,0.01,0.01,0.02,0.01,0.03
Mauritania,Africa,Beer,,,,0,0,0,0,0,0,0,0,0,0,0,0
Mauritania,Africa,Wine,,,,0,0,0,0,0,0,0,0,0,0,0,0.01
Mauritania,Africa,Spirits,,,,0,0,0,0.01,0.02,0.01,0.01,0.01,0,0.01,0.01,0.02
Mauritania,Africa,Other alcoholic beverages,,,,0.01,0,0,0,0,0,0,0,0,0,0,0
Mauritius,Africa,All types,,,,3.03,2.95,2.83,2.49,3.24,3.73,3.94,4.16,4.08,4.14,4.38,4.6
Mauritius,Africa,Beer,,,,1.85,1.81,1.98,1.57,1.79,1.81,1.96,1.99,2,1.92,2.15,2.21
Mauritius,Africa,Wine,,,,0.3,0.35,0.26,0.35,0.32,0.3,0.31,0.3,0.27,0.42,0.26,0.29
Mauritius,Africa,Spirits,,,,0.87,0.79,0.58,0.56,1.12,1.61,1.66,1.87,1.8,1.79,1.96,2.1
Mauritius,Africa,Other alcoholic beverages,,,,0,0.01,0,0,0,0,0,0,0,0,0,0
Mexico,North America,All types,5.26,5.23,5.29,5.3,5.21,5.27,5.36,5.35,5.11,4.93,4.9,4.88,4.77,4.86,4.99
Mexico,North America,Beer,3.87,3.85,4,4,3.92,4.04,4.09,4.09,3.94,3.81,3.71,3.68,3.6,3.65,3.67
Mexico,North America,Wine,0.23,0.22,0.12,0.12,0.12,0.12,0.12,0.12,0.09,0.09,0.11,0.11,0.07,0.06,0.06
Mexico,North America,Spirits,1.12,1.11,1.13,1.13,1.12,1.06,1.1,1.08,1.03,0.98,1.03,1.06,1.07,1.12,1.23
Mexico,North America,Other alcoholic beverages,0.05,0.05,0.05,0.05,0.05,0.05,0.05,0.05,0.05,0.05,0.05,0.03,0.03,0.03,0.03
Micronesia (Federated States of),Asia,Beer,,,,,,,,,,,,,,,2.14
Micronesia (Federated States of),Asia,All types,1.58,1.67,2.98,1.89,1.76,2.06,1.97,1.64,1.73,1.9,2.02,3.15,2.78,2.82,2.23
Micronesia (Federated States of),Asia,Beer,0.92,0.89,1.03,0.9,0.86,1.18,1.03,0.72,0.71,1.49,1.69,3.04,2.67,2.74,2.14
Micronesia (Federated States of),Asia,Wine,0.14,0.27,1.39,0.47,0.31,0.03,0.18,0.14,0.09,0.16,0.19,0.04,0.04,0.02,0.01
Micronesia (Federated States of),Asia,Spirits,0.52,0.51,0.56,0.51,0.6,0.85,0.76,0.78,0.94,0.25,0.14,0.06,0.07,0.07,0.07
Micronesia (Federated States of),Asia,Other alcoholic beverages,0,0,0,0,0,0,0,0,0,0,0,0,0,0,0
Monaco,Africa,All types,,,,,0,0,0,0,0,0,0,0,0,0,
Monaco,Africa,Beer,,,,,0,0,0,0,0,0,0,0,0,0,0
Monaco,Africa,Wine,,,,,0,0,0,0,0,0,0,0,0,0,0
Monaco,Africa,Spirits,,,,,0,0,0,0,0,0,0,0,0,0,0
Monaco,Africa,Other alcoholic beverages,,,,,,0,0,0,0,0,0,0,0,0,0
Monaco,Africa,All types,,,,,,,,,,,,,,,0
Monaco,Africa,Other alcoholic beverages,,,,,0,,,,,,,,,,
Mongolia,Asia,All types,,,,,5.8,4.61,4.26,3.79,2.91,2.75,1.75,1.31,2.43,2.87,2.79
Mongolia,Asia,Beer,,,,,1.6,1.1,0.9,0.9,0.5,0.3,0.53,0.13,0.51,0.53,0.61
Mongolia,Asia,Wine,,,,,0.16,0.11,0.22,0.28,0.15,0.05,0.71,0.7,0.76,0.05,0.08
Mongolia,Asia,Spirits,,,,,4.04,3.4,3.14,2.61,2.26,2.4,0.51,0.47,1.15,2.29,2.1
Mongolia,Asia,Other alcoholic beverages,,,,,0,0,0,0,0,0,0,0,0,0,0
Montenegro,Europe,All types,,,,6.56,6.56,6.45,6.17,4.98,5.38,0,,,,,
Montenegro,Europe,Beer,,,,0.72,0.73,0.7,0.7,0.48,0.02,,,,,,
Montenegro,Europe,Wine,,,,3.18,3.22,3.22,2.93,1.95,2.85,,,,,,
Montenegro,Europe,Spirits,,,,2.54,2.47,2.37,2.37,2.35,2.3,,,,,,
Montenegro,Europe,Other alcoholic beverages,,,,0.12,0.14,0.15,0.16,0.21,0.2,,,,,,
Morocco,Africa,All types,0.43,0.45,0.55,0.54,0.56,0.62,0.51,0.56,0.58,0.47,0.56,0.58,0.46,0.46,0.45
Morocco,Africa,Beer,0.16,0.18,0.18,0.19,0.2,0.23,0.24,0.22,0.22,0.23,0.23,0.22,0.24,0.23,0.21
Morocco,Africa,Wine,0.21,0.2,0.28,0.27,0.27,0.29,0.17,0.26,0.29,0.17,0.28,0.3,0.18,0.18,0.19
Morocco,Africa,Spirits,0.06,0.07,0.08,0.09,0.09,0.1,0.1,0.08,0.07,0.06,0.06,0.06,0.05,0.05,0.05
Morocco,Africa,Other alcoholic beverages,0,0,0,0,0,0,0,0,0,0,0,0,0,0,0
Mozambique,Africa,All types,,1.16,1.19,0.94,0.96,1.18,1.48,1.03,1.2,1.23,1.54,1.68,2.16,2.09,1.14
Mozambique,Africa,Beer,,0.75,0.73,0.69,0.61,0.57,0.59,0.55,0.51,0.51,0.49,0.45,0.43,0.5,0.52
Mozambique,Africa,Wine,,0.11,0.11,0.11,0.1,0.11,0.11,0.09,0.09,0.09,0.08,0.06,0.09,0.07,0.07
Mozambique,Africa,Spirits,,0.25,0.3,0.08,0.19,0.47,0.76,0.37,0.58,0.6,0.91,1.11,1.57,1.47,0.52
Mozambique,Africa,Other alcoholic beverages,,0.05,0.04,0.06,0.06,0.03,0.03,0.03,0.03,0.03,0.06,0.06,0.07,0.05,0.03
Myanmar,Asia,All types,,0.7,0.55,0.33,0.3,0.28,0.3,0.26,0.28,0.28,0.44,0.4,0.41,0.38,0.35
Myanmar,Asia,Beer,,0.44,0.34,0.16,0.14,0.13,0.12,0.11,0.11,0.12,0.13,0.12,0.12,0.1,0.1
Myanmar,Asia,Wine,,0,0,0,0,0,0,0,0,0,0,0,0,0,0
Myanmar,Asia,Spirits,,0.26,0.2,0.17,0.16,0.15,0.17,0.14,0.16,0.16,0.31,0.28,0.29,0.28,0.25
Myanmar,Asia,Other alcoholic beverages,,0,0,0,0,0,0,0,0,0,0,0,0,0,0
Namibia,Africa,All types,,,,7.84,7.58,7.99,6.28,5.12,4.94,4.89,4.8,5.28,5.09,5.09,5.73
Namibia,Africa,Beer,,,,7.3,7.16,7.64,5.94,3.75,3.57,3.36,3.18,3.29,3.57,3.43,3.6
Namibia,Africa,Wine,,,,0.06,0.06,0.02,0.03,0.28,0.24,0.11,0.12,0.67,0.29,0.52,0.88
Namibia,Africa,Spirits,,,,0.21,0.07,0.06,0.04,0.78,0.8,0.98,0.99,0.82,0.75,0.69,0.8
Namibia,Africa,Other alcoholic beverages,,,,0.26,0.28,0.27,0.26,0.31,0.33,0.44,0.5,0.5,0.47,0.45,0.46
Nauru,Oceania,All types,,,,,1.1,0.97,0.95,0.98,0.97,0.96,1.04,0.87,1.01,2.14,3.21
Nauru,Oceania,Beer,,,,,0.94,0.94,0.94,0.94,0.94,0.95,0.95,0.79,0.91,2,3.21
Nauru,Oceania,Wine,,,,,0.16,0.02,0.01,0.04,0.03,0.02,0.09,0.07,0.11,0.14,0
Nauru,Oceania,Spirits,,,,,0,0,0,0,0,0,0,0,0,0,0
Nauru,Oceania,Other alcoholic beverages,,,,,0,0,0,0,0,0,0,0,0,0,0
Nepal,Asia,All types,,0.27,0.26,0.27,0.24,0.22,0.21,0.2,0.2,0.2,0.21,0.2,0.19,0.09,0.08
Nepal,Asia,Beer,,0.15,0.13,0.14,0.12,0.1,0.08,0.08,0.07,0.08,0.08,0.08,0.08,0.08,0.07
Nepal,Asia,Wine,,0,0,0,0,0,0,0,0,0,0,0,0,0,0
Nepal,Asia,Spirits,,0.12,0.12,0.12,0.12,0.12,0.12,0.12,0.12,0.12,0.13,0.11,0.11,0.01,0.01
Nepal,Asia,Other alcoholic beverages,,0,0,0,0,0,0,0,0,0,0,0,0,0,0
Netherlands,Europe,All types,,8.68,9.05,8.96,9.33,9.23,9.62,9.53,9.79,9.69,9.56,9.56,9.68,9.95,10.06
Netherlands,Europe,Beer,,4.2,4.37,4.34,4.36,4.37,4.75,4.76,4.77,4.78,4.8,4.81,4.83,4.87,4.99
Netherlands,Europe,Wine,,2.97,3.16,3.14,3.39,3.28,3.29,3.18,3.43,3.31,3.1,2.94,2.84,2.98,3.01
Netherlands,Europe,Spirits,,1.52,1.52,1.49,1.58,1.58,1.58,1.59,1.59,1.59,1.66,1.81,2.01,2.1,2.06
Netherlands,Europe,Other alcoholic beverages,,0,0,0,0,0,0,0,0,0,0,0,0,0,0
New Zealand,Oceania,All types,9.07,9.18,9.2,9.47,9.62,9.24,9.49,9.19,9.34,9.31,9.15,8.91,9.13,8.75,8.91
New Zealand,Oceania,Beer,3.34,3.45,3.38,3.65,3.67,3.78,4.03,3.94,3.94,4.1,4.11,4.17,4.24,4.18,4.22
New Zealand,Oceania,Wine,3.15,3.01,3,3.01,3.26,3.07,3.08,3.05,3.14,3.04,2.85,2.73,2.74,2.51,2.57
New Zealand,Oceania,Spirits,1.48,1.52,1.52,1.53,1.46,1.23,1.25,1.1,1.35,1.37,1.45,1.26,1.34,1.29,1.37
New Zealand,Oceania,Other alcoholic beverages,1.03,1.14,1.23,1.23,1.22,1.15,1.13,1.09,0.91,0.81,0.7,0.69,0.68,0.62,0.55
Nicaragua,Central America,All types,3.55,3.58,3.63,3.39,3.38,3.36,3.64,3.83,3.69,3.7,3.81,3.77,3.5,3.51,3.61
Nicaragua,Central America,Beer,1.39,1.35,1.33,1.33,1.33,1.32,1.38,1.31,1.19,1.13,1.08,1.09,1.04,1.04,1.04
Nicaragua,Central America,Wine,0.02,0.03,0.02,0.02,0.02,0.01,0.02,0.02,0.01,0.01,0.01,0.02,0.01,0.01,0.02
Nicaragua,Central America,Spirits,2.14,2.2,2.28,2.04,2.03,2.03,2.24,2.5,2.49,2.55,2.71,2.67,2.44,2.45,2.54
Nicaragua,Central America,Other alcoholic beverages,0,0,0,0,0,0,0,0,0,0,0,0,0,0,0
Niger,Africa,All types,,,,0.15,0.12,0.11,0.12,0.1,0.11,0.11,0.11,0.1,0.1,0.11,0.1
Niger,Africa,Beer,,,,0.05,0.05,0.05,0.05,0.05,0.05,0.05,0.05,0.05,0.05,0.06,0.06
Niger,Africa,Wine,,,,0.01,0.01,0.01,0.01,0.01,0.01,0.02,0.01,0.01,0.01,0.01,0.01
Niger,Africa,Spirits,,,,0.07,0.05,0.04,0.05,0.04,0.04,0.03,0.04,0.03,0.03,0.02,0.02
Niger,Africa,Other alcoholic beverages,,,,0.01,0.01,0.01,0.01,0,0,0.01,0.01,0.01,0.01,0.02,0.01
Nigeria,Africa,All types,,8.3,8.54,8.75,8.9,9.05,9.3,9.55,9.66,9.71,9.76,9.75,9.61,9.58,9.23
Nigeria,Africa,Beer,,0.76,0.75,0.74,0.7,0.65,0.64,0.64,0.6,0.54,0.52,0.53,0.45,0.45,0.42
Nigeria,Africa,Wine,,0.05,0.05,0.04,0.03,0.02,0.06,0.04,0,0,0,0,0,0,0
Nigeria,Africa,Spirits,,0.06,0.06,0.06,0.08,0.03,0.03,0.06,0.02,0.02,0.01,0.02,0,0.02,0
Nigeria,Africa,Other alcoholic beverages,,7.43,7.67,7.9,8.09,8.36,8.57,8.8,9.04,9.15,9.23,9.21,9.16,9.11,8.81
Niue,Oceania,All types,,,,5.99,4.9,7.06,7.02,5.02,7.1,6.22,8.71,8.47,5.29,9.37,7.54
Niue,Oceania,Beer,,,,3.13,1.9,3.1,3.3,2.1,3.76,3.15,5.04,2.28,1.32,2.15,4.19
Niue,Oceania,Wine,,,,0.74,0.6,0.36,0.12,0.12,0.34,0.11,1.85,0.11,1.16,0,0
Niue,Oceania,Spirits,,,,2.12,2.4,3.6,3.6,2.8,3,2.96,1.82,6.08,2.81,7.22,3.35
Niue,Oceania,Other alcoholic beverages,,,,0,0,0,0,0,0,0,0,0,0,0,0
Norway,Europe,All types,6.06,6.21,6.21,6.53,6.59,6.68,6.75,6.6,6.47,6.37,6.22,6.04,5.89,5.49,5.67
Norway,Europe,Beer,2.62,2.68,2.67,2.83,2.91,2.96,3.06,3.02,3.01,2.98,2.96,2.76,2.89,2.82,2.93
Norway,Europe,Wine,2.25,2.3,2.29,2.39,2.29,2.28,2.23,2.11,2.05,2,1.9,1.84,1.81,1.6,1.62
Norway,Europe,Spirits,1.04,1.09,1.11,1.18,1.25,1.31,1.33,1.35,1.3,1.28,1.25,1.22,1.12,1,1.05
Norway,Europe,Other alcoholic beverages,0.15,0.14,0.14,0.13,0.14,0.13,0.13,0.12,0.11,0.11,0.11,0.22,0.07,0.07,0.07
Oman,Africa,All types,0.4,0.46,0.51,0.54,0.56,0.56,0.57,0.57,0.58,0.63,0.61,0.56,0.54,0.55,0.38
Oman,Africa,Beer,0.18,0.18,0.2,0.21,0.22,0.23,0.23,0.22,0.22,0.21,0.21,0.21,0.24,0.28,0.13
Oman,Africa,Wine,0,0.02,0.02,0.02,0.03,0.02,0.02,0.01,0.01,0.01,0.01,0.01,0.01,0.01,0
Oman,Africa,Spirits,0.22,0.26,0.29,0.31,0.31,0.31,0.32,0.33,0.35,0.4,0.39,0.35,0.29,0.27,0.25
Oman,Africa,Other alcoholic beverages,0,0,0,0,0,0,0,0,0,0,0,0,0,0,0
Pakistan,Asia,All types,,0.04,0.04,0.04,0.04,0.03,0.03,0.03,0.03,0.04,0.01,0.01,0.01,0.01,0.02
Pakistan,Asia,Beer,,0,0,0,0,0,0,0,0,0,0,0,0,0,0
Pakistan,Asia,Wine,,0,0,0,0,0,0,0,0,0,0,0,0,0,0
Pakistan,Asia,Spirits,,0.03,0.03,0.03,0.03,0.03,0.03,0.03,0.03,0.03,0,0,0,0,0
Pakistan,Asia,Other alcoholic beverages,,0.01,0.01,0.01,0.01,0,0,0,0,0.01,0.01,0.01,0.01,0.01,0.01
Panama,Central America,All types,6.74,6.89,6.95,6.9,6.94,6.87,6.74,6.16,5.72,5.53,5.69,5.52,5.52,5.43,5.58
Panama,Central America,Beer,5.23,5.11,5.01,4.91,4.82,4.78,4.61,4.17,3.8,3.59,3.6,3.39,3.35,3.37,3.41
Panama,Central America,Wine,0.21,0.21,0.22,0.24,0.31,0.23,0.23,0.22,0.18,0.15,0.22,0.14,0.13,0.11,0.13
Panama,Central America,Spirits,1.28,1.55,1.7,1.73,1.79,1.84,1.87,1.75,1.72,1.77,1.85,1.98,2.03,1.93,2.03
Panama,Central America,Other alcoholic beverages,0.02,0.02,0.02,0.02,0.03,0.02,0.02,0.02,0.02,0.02,0.02,0.01,0.01,0.01,0.01
Papua New Guinea,South America,All types,,,,0.88,0.79,0.82,0.81,0.71,0.64,0.84,0.58,0.59,0.61,0.68,0.73
Papua New Guinea,South America,Beer,,,,0.85,0.76,0.79,0.76,0.68,0.61,0.81,0.56,0.57,0.59,0.63,0.59
Papua New Guinea,South America,Wine,,,,0.02,0.01,0.02,0.02,0.01,0.02,0.02,0.01,0.01,0.01,0.01,0.04
Papua New Guinea,South America,Spirits,,,,0.01,0.02,0.02,0.03,0.02,0.02,0.01,0.02,0.01,0.01,0.04,0.11
Papua New Guinea,South America,Other alcoholic beverages,,,,0,0,0,0,0,0,0,0,0,0,0,0
Paraguay,South America,All types,,5.03,5.36,5.79,5.65,5.39,6.14,5.61,5.61,6.38,6.2,6.64,5.66,6.66,6.78
Paraguay,South America,Beer,,2.57,2.71,2.61,2.39,2.19,2.4,2.4,2.35,3.48,3.48,3.67,3.7,4.2,3.79
Paraguay,South America,Wine,,0.53,0.73,1.09,1.32,1.31,1.74,1.35,1.21,0.99,0.89,0.9,0.41,0.62,0.93
Paraguay,South America,Spirits,,1.94,1.92,2.09,1.88,1.83,1.92,1.79,1.93,1.77,1.72,2.03,1.5,1.83,2.02
Paraguay,South America,Other alcoholic beverages,,0,0,0,0.07,0.07,0.08,0.09,0.13,0.14,0.11,0.04,0.06,0.01,0.04
Peru,South America,All types,,5.38,5.14,4.83,4.72,4.69,4.85,4.29,4.22,4.44,4.27,4.5,4.03,4.22,4.59
Peru,South America,Beer,,3.3,3.09,2.75,2.7,2.71,2.73,2.36,2.07,1.92,1.66,1.69,1.75,1.7,1.69
Peru,South America,Wine,,0.44,0.42,0.43,0.36,0.35,0.44,0.42,0.42,0.42,0.33,0.35,0.32,0.3,0.23
Peru,South America,Spirits,,1.64,1.63,1.64,1.67,1.64,1.68,1.5,1.73,2.1,2.27,2.46,1.95,2.21,2.67
Peru,South America,Other alcoholic beverages,,0,0,0,0,0,0,0,0,0,0,0,0,0,0
Philippines,Asia,All types,4.52,4.61,5.02,4.96,4.85,4.42,4.21,4.19,4.08,4.22,4.45,4.44,4.42,4.54,4.73
Philippines,Asia,Beer,1.11,1.13,1.28,1.31,1.32,1.23,1.24,1.2,1.15,1.29,1.36,1.21,1.11,1.12,1.18
Philippines,Asia,Wine,0.02,0.02,0.02,0.01,0.02,0.01,0.02,0.01,0.01,0.02,0.02,0.01,0.01,0.01,0.01
Philippines,Asia,Spirits,3.38,3.45,3.7,3.52,3.37,3.14,2.95,2.97,2.92,2.91,3.07,3.23,3.29,3.41,3.54
Philippines,Asia,Other alcoholic beverages,0.01,0.02,0.03,0.12,0.14,0.03,0.01,0,0,0,0,0,0,0,0
Poland,Europe,All types,10.71,11.63,10.81,10.93,10.59,10.7,11.4,10.9,10.4,9.5,9.19,9.06,8.02,7.74,8.4
Poland,Europe,Beer,6.45,6.39,6.46,6.11,5.88,5.9,6.1,6.1,5.9,5.3,4.66,4.51,4.31,4.08,4.14
Poland,Europe,Wine,0.86,0.84,0.82,0.94,0.94,1,1.2,1.3,1.3,1.2,1.53,1.64,1.64,1.56,1.78
Poland,Europe,Spirits,3.4,4.41,3.53,3.88,3.77,3.8,4.1,3.5,3.2,3,3.01,2.9,2.07,2.09,2.48
Poland,Europe,Other alcoholic beverages,0,0,0,0,0,0,0,0,0,0,0,0,0,0,0
Portugal,Europe,All types,9.88,10,11.96,11.92,12.25,12.03,12.35,12.57,13.11,13.33,13.45,14.21,12,12.22,11.89
Portugal,Europe,Beer,2.67,2.79,2.81,3.11,3.37,3.42,3.56,3.7,3.77,3.75,3.7,3.57,3.58,3.65,3.75
Portugal,Europe,Wine,5.99,6.01,7.88,7.45,7.49,7.21,7.29,7.31,7.79,7.99,8.05,8.74,6.48,6.65,6.55
Portugal,Europe,Spirits,0.8,0.81,0.85,0.92,0.93,0.94,1.01,1.06,1.07,1.12,1.23,1.56,1.59,1.6,1.57
Portugal,Europe,Other alcoholic beverages,0.42,0.39,0.41,0.44,0.46,0.46,0.49,0.5,0.48,0.47,0.47,0.33,0.35,0.33,0.02
Qatar,Asia,All types,1.15,1.2,1.13,1.16,1.16,1.11,1.37,1.24,1.28,1.18,1.11,1,0.87,0.76,0.5
Qatar,Asia,Beer,0.31,0.31,0.33,0.32,0.33,0.34,0.36,0.38,0.41,0.35,0.28,0.25,0.21,0.13,0.09
Qatar,Asia,Wine,0.15,0.18,0.12,0.13,0.11,0.09,0.27,0.12,0.17,0.11,0.1,0.07,0.05,0.05,0
Qatar,Asia,Spirits,0.69,0.7,0.68,0.71,0.71,0.67,0.74,0.73,0.7,0.71,0.73,0.68,0.61,0.58,0.41
Qatar,Asia,Other alcoholic beverages,0.01,0.01,0.01,0.01,0.01,0.01,0.01,0.01,0.01,0.01,0.01,0,0,0,0
Republic of Korea,Asia,All types,,9.33,9.56,9.34,9.23,8.97,9.31,9.05,8.83,9.03,9.18,9.66,9.55,11.45,10.33
Republic of Korea,Asia,Beer,,2.07,2.02,1.94,1.88,2.37,2.43,2.34,2.22,1.89,2,2.32,2.41,2.37,2.23
Republic of Korea,Asia,Wine,,0.15,0.13,0.13,0.14,0.14,0.18,0.19,0.14,0.12,0.15,0.04,0.04,0.04,0.03
Republic of Korea,Asia,Spirits,,0.39,0.38,0.38,0.4,0.27,0.33,0.37,0.33,0.34,0.32,0.47,0.52,0.47,0.46
Republic of Korea,Asia,Other alcoholic beverages,,6.72,7.04,6.9,6.82,6.19,6.37,6.15,6.14,6.68,6.72,6.82,6.58,8.56,7.61
Republic of Moldova,Europe,All types,9.99,10.49,10.68,9.45,8.25,8.45,9.07,9.66,8.36,10.78,12.27,8.15,6.71,10.98,9.89
Republic of Moldova,Europe,Beer,1.92,2.1,2.28,2.11,1.89,1.83,2.22,2.16,1.88,1.61,1.39,1.08,0.86,0.64,0.48
Republic of Moldova,Europe,Wine,4.9,4.89,4.89,3.59,2.59,2.74,2.75,3.06,1.91,4.15,6.14,2.88,2,6.69,5.82
Republic of Moldova,Europe,Spirits,2.94,3.27,3.29,3.52,3.54,3.63,3.8,4.03,3.9,4.33,4.06,4.19,3.85,3.65,3.59
Republic of Moldova,Europe,Other alcoholic beverages,0.22,0.23,0.23,0.23,0.23,0.25,0.3,0.41,0.68,0.7,0.67,0,0,0,0
Romania,Europe,All types,,9.59,9.58,9.1,9,10.4,11.9,10.6,8.51,7.68,9.82,8.78,9.62,9.78,10.16
Romania,Europe,Beer,,5.11,5.31,4.7,4.5,4.9,5.5,5.44,4.62,4.07,4.24,3.64,3.38,3.12,3.18
Romania,Europe,Wine,,3.07,2.98,3,2.6,3.1,3.5,3.3,2.99,2.33,4.29,3.33,3.92,3.16,3.47
Romania,Europe,Spirits,,1.41,1.29,1.4,1.9,2.4,2.9,1.9,0.9,1.28,1.29,1.82,2.32,3.5,3.52
Romania,Europe,Other alcoholic beverages,,0,0,0,0,0,0,0,0,0,0,0,0,0,0
Russian Federation,Asia,All types,10.12,10.58,10.99,11.04,11.05,11.21,12.04,12.19,11.79,11.57,11.5,11.32,10.87,10.47,10.18
Russian Federation,Asia,Beer,4.19,4.09,4.2,4.16,4.11,4.18,4.64,4.71,4.1,3.65,3.47,3.1,2.92,2.63,2.18
Russian Federation,Asia,Wine,1.12,1.11,1.21,1.24,1.28,1.25,1.26,1.17,1,1.03,0.95,0.9,0.8,0.75,0.71
Russian Federation,Asia,Spirits,4.57,4.85,5.47,5.52,5.53,5.77,6.14,6.32,6.7,6.89,7.09,7.32,7.15,7.09,7.29
Russian Federation,Asia,Other alcoholic beverages,0.23,0.25,0.11,0.13,0.13,0,0,0,0,0,0,0,0,0,0
Rwanda,Africa,All types,,,,8.34,7.92,7.11,6.39,6.78,6.88,7.01,6.75,6.66,7.82,5.72,7.13
Rwanda,Africa,Beer,,,,0.86,0.8,0.71,0.58,0.65,0.63,0.54,0.45,0.44,0.58,0.53,0.58
Rwanda,Africa,Wine,,,,0,0,0,0,0,0,0,0,0,0,0,0
Rwanda,Africa,Spirits,,,,0.09,0.04,0.03,0.03,0.03,0.02,0.02,0.03,0.01,0.01,0.01,0.01
Rwanda,Africa,Other alcoholic beverages,,,,7.39,7.08,6.37,5.78,6.1,6.24,6.44,6.26,6.21,7.23,5.17,6.54
Saint Kitts and Nevis,Central America,All types,8.68,8.54,8.47,8.28,8.38,9.68,10.07,10.13,10.79,10.02,9.14,8.54,8.29,8.55,8.41
Saint Kitts and Nevis,Central America,Beer,4.01,3.96,3.91,3.78,3.79,3.76,3.81,3.87,3.96,3.85,3.39,3.15,3.09,3.54,3.62
Saint Kitts and Nevis,Central America,Wine,0.41,0.39,0.35,0.31,0.55,0.9,0.85,0.54,0.35,0.23,0.32,0.23,0.31,0.39,0.65
Saint Kitts and Nevis,Central America,Spirits,4.06,4.02,4.04,3.99,3.84,4.79,5.16,5.46,6.24,5.73,5.23,5.15,4.88,4.6,4.13
Saint Kitts and Nevis,Central America,Other alcoholic beverages,0.2,0.18,0.17,0.22,0.2,0.24,0.25,0.26,0.25,0.22,0.19,0.01,0.01,0.02,0.02
Saint Lucia,Central America,All types,9.97,9.73,9.99,10.43,10.87,11.09,12.09,12.68,13.45,12.32,11.93,12.55,11.85,12.03,11.69
Saint Lucia,Central America,Beer,3.27,3.28,3.28,3.27,3.28,3.28,3.49,3.86,3.82,3.57,3.39,3.36,3.11,3.22,3.22
Saint Lucia,Central America,Wine,1.46,1.32,1.17,1.3,1.45,1.2,1.28,1.36,1.68,0.72,0.69,0.85,0.77,1.18,1.11
Saint Lucia,Central America,Spirits,4.78,4.66,5.03,5.32,5.55,5.9,6.45,6.56,7.07,7.16,7.03,8.28,7.91,7.56,7.3
Saint Lucia,Central America,Other alcoholic beverages,0.46,0.46,0.51,0.54,0.59,0.71,0.86,0.89,0.87,0.86,0.82,0.06,0.06,0.06,0.06
Saint Vincent and the Grenadines,Central America,All types,7.01,7.07,6.93,7.02,7,6.85,6.92,5.89,5.93,6.04,5.42,5.1,4.94,4.73,4.8
Saint Vincent and the Grenadines,Central America,Beer,2.49,2.41,2.34,2.35,2.32,2.29,2.37,2.47,2.59,2.43,2.03,1.84,1.92,1.97,1.96
Saint Vincent and the Grenadines,Central America,Wine,0.23,0.34,0.33,0.3,0.33,0.42,0.32,0.29,0.27,0.19,0.14,0.12,0.19,0.07,0.08
Saint Vincent and the Grenadines,Central America,Spirits,4.13,4.16,4.14,4.26,4.22,4,4.1,3,2.95,3.32,3.15,3.13,2.82,2.67,2.75
Saint Vincent and the Grenadines,Central America,Other alcoholic beverages,0.16,0.15,0.12,0.11,0.13,0.14,0.13,0.13,0.12,0.11,0.09,0.01,0.01,0.01,0.01
Samoa,Oceania,All types,,,,2.15,3.01,2.88,3.97,3.85,3.52,3.63,3.62,4.17,3.3,3.43,3
Samoa,Oceania,Beer,,,,1.94,2.57,2.55,3.65,3.6,3.37,3.31,3.3,3.71,3.04,3.26,2.85
Samoa,Oceania,Wine,,,,0.09,0.09,0.06,0.05,0.09,0.09,0.08,0.06,0.06,0.05,0.02,0.03
Samoa,Oceania,Spirits,,,,0.12,0.35,0.26,0.27,0.17,0.07,0.24,0.26,0.4,0.22,0.15,0.12
Samoa,Oceania,Other alcoholic beverages,,,,3,3,3,3,3,3,3,3,3,3,3,3
San Marino,Europe,All types,,,,,0,0,0,0,0,0,0,0,0,0,0
San Marino,Europe,Beer,,,,,0,0,0,0,0,0,0,0,0,0,0
San Marino,Europe,Wine,,,,,0,0,0,0,0,0,0,0,0,0,0
San Marino,Europe,Spirits,,,,,0,0,0,0,0,0,0,0,0,0,0
San Marino,Europe,Other alcoholic beverages,,,,,0,0,0,0,0,0,0,0,0,0,0
Sao Tome and Principe,Africa,All types,,,,5.69,5.58,4.13,4.36,4.14,5.46,5.27,5.78,6.54,5.8,5.02,5.07
Sao Tome and Principe,Africa,Beer,,,,0.67,0.79,0.89,0.94,0.94,1.01,1.12,1.12,1.14,1.16,1.15,1.17
Sao Tome and Principe,Africa,Wine,,,,4.51,4.26,2.67,2.71,2.6,3.87,3.42,3.91,4.63,3.92,2.98,3.26
Sao Tome and Principe,Africa,Spirits,,,,0.5,0.52,0.57,0.7,0.6,0.59,0.74,0.75,0.77,0.72,0.89,0.64
Sao Tome and Principe,Africa,Other alcoholic beverages,,,,0,0,0,0,0,0,0,0,0,0,0,0
Saudi Arabia,Asia,All types,0.09,0.09,0.09,0.09,0.09,0.09,0.09,0.1,0.08,0.05,0.06,0.05,0.05,0.05,0.05
Saudi Arabia,Asia,Beer,0,0,0,0,0,0,0,0,0,0,0,0,0,0,0
Saudi Arabia,Asia,Wine,0,0,0,0,0,0,0,0.01,0,0,0,0,0,0,0
Saudi Arabia,Asia,Spirits,0.09,0.09,0.09,0.09,0.09,0.09,0.08,0.09,0.08,0.05,0.06,0.05,0.05,0.05,0.05
Saudi Arabia,Asia,Other alcoholic beverages,0,0,0,0,0,0,0,0,0,0,0,0,0,0,0
Senegal,Africa,All types,0.26,0.26,0.28,0.32,0.28,0.3,0.28,0.32,0.34,0.33,0.35,0.33,0.36,0.34,0.29
Senegal,Africa,Beer,0.14,0.14,0.14,0.15,0.14,0.15,0.18,0.17,0.16,0.16,0.16,0.13,0.14,0.16,0.16
Senegal,Africa,Wine,0.09,0.09,0.11,0.13,0.12,0.13,0.07,0.12,0.14,0.12,0.15,0.17,0.18,0.14,0.09
Senegal,Africa,Spirits,0.02,0.03,0.03,0.03,0.03,0.03,0.03,0.03,0.05,0.04,0.04,0.03,0.04,0.04,0.04
Senegal,Africa,Other alcoholic beverages,0,0,0,0,0,0,0,0,0,0,0,0,0,0,0
Serbia,Europe,All types,9.09,9.16,9.38,9.56,9.65,9.85,9.54,9.3,8.58,9.6,7.42,7.25,6.95,7.53,7.38
Serbia,Europe,Beer,2.61,2.69,2.87,2.93,2.88,3.03,3.47,3.6,3.62,4.77,3.21,3.07,2.91,3.65,3.68
Serbia,Europe,Wine,4.16,4.17,4.18,4.31,4.45,4.49,3.74,3.38,2.63,2.38,1.61,1.55,1.51,1.48,1.38
Serbia,Europe,Spirits,2.11,2.1,2.12,2.13,2.12,2.13,2.12,2.12,2.13,2.45,2.6,2.64,2.53,2.41,2.31
Serbia,Europe,Other alcoholic beverages,0.2,0.21,0.21,0.2,0.2,0.21,0.21,0.2,0.2,0,0,0,0,0,0
Seychelles,Africa,All types,,,,9.72,6.51,4.94,6.33,8.12,8.12,7.82,7.91,7.41,11.15,6.72,8.24
Seychelles,Africa,Beer,,,,4.9,2.75,2.75,4.54,4.82,4.59,5.21,5.18,5.95,6.5,6.14,6.27
Seychelles,Africa,Wine,,,,2.71,2.33,1.62,1.46,1.9,2.3,1.03,1.19,0.63,3.72,0.16,0.91
Seychelles,Africa,Spirits,,,,2.11,1.42,0.57,0.33,1.4,1.23,1.59,1.54,0.83,0.93,0.42,1.07
Seychelles,Africa,Other alcoholic beverages,,,,0,0,0,0,0,0,0,0,0,0,0,0
Sierra Leone,Africa,All types,,,,3.78,3.84,3.97,3.91,3.86,3.8,3.83,3.99,4.07,4.06,4.21,3.97
Sierra Leone,Africa,Beer,,,,0.19,0.18,0.19,0.19,0.14,0.15,0.14,0.14,0.14,0.14,0.13,0.13
Sierra Leone,Africa,Wine,,,,0.03,0.03,0.03,0.02,0.01,0.01,0.01,0.01,0.01,0.01,0,0
Sierra Leone,Africa,Spirits,,,,0.02,0.02,0.05,0.02,0.01,0.01,0.02,0.03,0.03,0.02,0,0.03
Sierra Leone,Africa,Other alcoholic beverages,,,,3.54,3.61,3.69,3.69,3.7,3.63,3.67,3.81,3.9,3.89,4.08,3.81
Singapore,Asia,All types,1.83,1.83,1.89,1.8,1.84,1.73,1.7,1.6,1.55,1.49,1.45,1.43,2.16,2.08,2.03
Singapore,Asia,Beer,1.27,1.23,1.34,1.31,1.29,1.22,1.22,1.13,1.14,1.1,1.07,1.06,1.47,1.34,1.29
Singapore,Asia,Wine,0.27,0.28,0.27,0.27,0.25,0.23,0.23,0.22,0.19,0.18,0.17,0.15,0.2,0.13,0.12
Singapore,Asia,Spirits,0.25,0.29,0.25,0.19,0.27,0.25,0.22,0.22,0.19,0.18,0.17,0.18,0.49,0.61,0.61
Singapore,Asia,Other alcoholic beverages,0.03,0.03,0.03,0.03,0.03,0.03,0.03,0.03,0.03,0.03,0.03,0.04,0,0,0
Slovakia,Europe,All types,10.6,9.89,10.12,10.24,10.13,10.63,11.37,10.58,10.28,10.81,10.03,9.85,10.78,10.73,11.06
Slovakia,Europe,Beer,3.3,3.41,3.65,3.53,3.42,3.9,3.79,3.92,3.82,3.84,3.99,4.38,4.53,4.32,4.47
Slovakia,Europe,Wine,2.36,1.77,1.65,1.77,1.77,1.65,1.54,1.43,2.15,1.56,1.33,1.46,1.59,1.48,1.49
Slovakia,Europe,Spirits,4.36,4.12,4.35,4.47,4.6,4.6,5.54,4.88,4.3,5.41,4.23,3.65,4.29,4.56,4.85
Slovakia,Europe,Other alcoholic beverages,0.59,0.59,0.47,0.47,0.35,0.47,0.5,0.36,0,0,0.48,0.36,0.37,0.37,0.25
Slovenia,Europe,All types,10.46,9.53,10.95,10.61,10.32,10.52,10.94,11.02,12.26,11.14,10,11.58,9.29,10.8,11.9
Slovenia,Europe,Beer,4.36,4.56,4.58,4.94,4.59,5.09,5.16,5.7,5.7,4.7,4.51,4.51,4.32,4.65,5.14
Slovenia,Europe,Wine,5.31,4.09,5.5,4.81,4.84,4.55,4.58,4.08,5.43,5.17,4.18,5.49,3.28,4.29,4.91
Slovenia,Europe,Spirits,0.8,0.89,0.87,0.86,0.89,0.88,1.2,1.24,1.13,1.09,1.11,1.58,1.69,1.87,1.84
Slovenia,Europe,Other alcoholic beverages,0,0,0,0,0,0,0,0,0,0.18,0.2,0,0,0,0.01
Solomon Islands,Oceania,All types,,,,0.99,1.1,1.21,1.09,0.85,0.99,0.9,1.18,1.18,1.08,0.7,0.71
Solomon Islands,Oceania,Beer,,,,0.92,0.95,0.91,0.97,0.72,0.93,0.66,0.75,0.74,0.58,0.44,0.62
Solomon Islands,Oceania,Wine,,,,0.03,0.03,0.02,0.02,0.03,0.02,0.03,0.02,0.02,0.01,0.01,0.02
Solomon Islands,Oceania,Spirits,,,,0.03,0.07,0.22,0.04,0.05,0.03,0.21,0.41,0.43,0.48,0.24,0.07
Solomon Islands,Oceania,Other alcoholic beverages,,,,0.01,0.05,0.05,0.05,0.05,0.05,0,0,0,0,0,0
Somalia,Africa,All types,,,,0,0,0,0,0,0,0,0,0,0,0,0
Somalia,Africa,Beer,,,,0,0,0,0,0,0,0,0,0,0,0,0
Somalia,Africa,Wine,,,,0,0,0,0,0,0,0,0,0,0,0,0
Somalia,Africa,Spirits,,,,0,0,0,0,0,0,0,0,0,0,0,0
Somalia,Africa,Other alcoholic beverages,,,,0,0,0,0,0,0,0,0,0,0,0,0
South Africa,Africa,All types,7.38,7.34,7.38,7.38,7.28,7.6,8.19,8.48,8.5,8.69,6.96,6.93,7.04,7.38,7.3
South Africa,Africa,Beer,4.46,4.5,4.55,4.58,3.5,3.74,3.96,3.97,3.85,3.94,3.87,3.78,3.72,3.73,3.87
South Africa,Africa,Wine,1.35,1.28,1.29,1.29,1.29,1.28,1.37,1.4,1.38,1.41,1.22,1.27,1.46,1.61,1.5
South Africa,Africa,Spirits,0.57,0.57,0.59,0.59,1.21,1.22,1.29,1.35,1.34,1.32,1.11,1.11,1.1,1.16,1.14
South Africa,Africa,Other alcoholic beverages,1,0.99,0.96,0.91,1.27,1.36,1.57,1.76,1.93,2.03,0.76,0.76,0.76,0.88,0.79
Spain,Europe,All types,,9.25,9.35,9.62,9.78,9.99,10.24,11.05,11.86,11.92,11.96,12.09,12.26,9.86,11.12
Spain,Europe,Beer,,4.4,4.42,4.43,4.87,4.98,4.92,5.09,5.15,4.98,4.5,4.47,4.17,4.43,4.19
Spain,Europe,Wine,,2.07,2.15,2.14,1.97,2.09,2.23,2.56,3.2,3.44,3.8,3.74,3.96,3.86,4.12
Spain,Europe,Spirits,,2.69,2.69,2.96,2.76,2.73,2.88,3.18,3.28,3.27,3.02,3.23,3.57,1.58,2.81
Spain,Europe,Other alcoholic beverages,,0.09,0.09,0.09,0.18,0.19,0.21,0.22,0.23,0.23,0.65,0.64,0.58,0,0
Sri Lanka,Asia,All types,2.37,2.56,2.8,3.03,2.31,2.05,2.1,2.29,1.96,1.97,1.56,1.69,1.62,1.68,1.45
Sri Lanka,Asia,Beer,0.36,0.39,0.39,0.28,0.3,0.2,0.2,0.2,0.2,0.3,0.17,0.15,0.15,0.1,0.1
Sri Lanka,Asia,Wine,0.01,0,0,0,0,0,0,0,0,0,0,0.01,0.01,0,0.01
Sri Lanka,Asia,Spirits,1.96,2.11,2.35,2.7,1.97,1.81,1.86,2.05,1.72,1.63,1.39,1.53,1.46,1.58,1.34
Sri Lanka,Asia,Other alcoholic beverages,0.04,0.06,0.05,0.05,0.04,0.04,0.04,0.04,0.04,0.04,0,0,0,0,0
Sudan,Africa,All types,,,,2.12,1.77,1.99,2.01,2.01,1.9,1.55,1.59,1.74,1.59,1.81,1.76
Sudan,Africa,Beer,,,,0.08,0.17,0.08,0.12,0.08,0.01,0,0,0,0,0,0
Sudan,Africa,Wine,,,,0,0,0,0,0,0,0,0,0,0,0,0
Sudan,Africa,Spirits,,,,0.36,0.29,0.27,0.26,0.29,0.3,0.27,0.27,0.31,0.35,0.27,0.26
Sudan,Africa,Other alcoholic beverages,,,,1.68,1.32,1.64,1.62,1.64,1.59,1.28,1.32,1.43,1.24,1.54,1.5
Suriname,South,All types,6.32,6.02,5.73,5.64,5.26,5.13,4.94,4.72,4.52,4.47,4.55,4.53,4.41,4.23,4.29
Suriname,South,Beer,2.15,2.11,2.07,2.04,2.03,1.99,1.91,1.71,1.64,1.53,1.64,1.65,1.67,1.72,1.67
Suriname,South,Wine,0.16,0.18,0.11,0.16,0.13,0.32,0.25,0.18,0.11,0.13,0.08,0.09,0.09,0.07,0.05
Suriname,South,Spirits,3.8,3.51,3.33,3.24,2.93,2.67,2.63,2.69,2.63,2.72,2.75,2.78,2.65,2.44,2.56
Suriname,South,Other alcoholic beverages,0.21,0.22,0.22,0.2,0.17,0.15,0.15,0.15,0.14,0.09,0.08,0,0,0,0.01
Swaziland,Africa,All types,,,,5.2,4.93,4.9,4.87,5.55,5.53,5.08,5.78,5.65,5.52,6.72,7.19
Swaziland,Africa,Beer,,,,1.67,1.69,1.56,1.48,1.59,1.65,1.73,1.65,1.66,1.59,1.57,1.82
Swaziland,Africa,Wine,,,,0.06,0.05,0.04,0.02,0.04,0.01,0.02,0.02,0.05,0.16,0.26,0.61
Swaziland,Africa,Spirits,,,,0.13,0.02,0.03,0.02,0.4,0.5,0.15,0.89,0.42,0.03,0.46,0.08
Swaziland,Africa,Other alcoholic beverages,,,,3.34,3.17,3.27,3.35,3.52,3.37,3.19,3.22,3.52,3.74,4.43,4.68
Sweden,Europe,All types,7.3,7.3,7.4,7.4,7.2,7.3,6.9,6.9,6.5,6.5,6.6,6.9,6.9,6.6,6.2
Sweden,Europe,Beer,2.7,2.6,2.7,2.7,2.7,2.7,2.6,2.6,2.5,2.6,2.6,2.8,2.7,2.7,2.7
Sweden,Europe,Wine,3.6,3.6,3.6,3.6,3.4,3.3,3.1,3.1,2.9,2.9,2.8,2.9,2.8,2.5,2.2
Sweden,Europe,Spirits,1,1.1,1.1,1.1,1.1,1.2,1.1,1.1,1,1,1.2,1.2,1.4,1.4,1.3
Sweden,Europe,Other alcoholic beverages,0,0,0,0,0.1,0.1,0.1,0.1,0.1,0,0,0,0,0,0
Switzerland,Europe,All types,9.61,9.73,9.86,9.99,10.01,10.15,10.29,10.44,10.24,10.15,10.55,10.82,10.85,11.12,11.26
Switzerland,Europe,Beer,3.16,3.17,3.17,3.17,3.18,3.3,3.31,3.32,3.21,3.11,3.24,3.37,3.26,3.38,3.39
Switzerland,Europe,Wine,4.57,4.69,4.69,4.82,4.94,4.84,4.97,5.1,5,5.14,5.27,5.41,5.55,5.68,5.81
Switzerland,Europe,Spirits,1.76,1.76,1.88,1.88,1.77,1.89,1.89,1.9,1.9,1.79,1.92,1.92,1.93,1.93,1.94
Switzerland,Europe,Other alcoholic beverages,0.12,0.12,0.12,0.12,0.12,0.12,0.12,0.12,0.12,0.12,0.12,0.12,0.12,0.12,0.12
Syrian Arab Republic,Asia,All types,,,,0.76,0.78,0.81,0.8,0.83,0.97,0.92,0.93,1.29,1.25,1.29,1.41
Syrian Arab Republic,Asia,Beer,,,,0.04,0.05,0.06,0.08,0.08,0.08,0.05,0.05,0.05,0.05,0.06,0.05
Syrian Arab Republic,Asia,Wine,,,,0.27,0.27,0.28,0.22,0.22,0.35,0.32,0.32,0.42,0.34,0.33,0.47
Syrian Arab Republic,Asia,Spirits,,,,0.45,0.46,0.47,0.5,0.52,0.54,0.55,0.56,0.82,0.86,0.9,0.89
Syrian Arab Republic,Asia,Other alcoholic beverages,,,,0,0,0,0,0,0,0,0,0,0,0,0
Tajikistan,Asia,All types,,,,0.32,0.32,0.3,0.32,0.35,0.38,0.37,0.38,0.36,0.6,0.86,0.37
Tajikistan,Asia,Beer,,,,0.03,0.02,0.03,0.04,0.08,0.09,0.08,0.03,0.01,0.02,0.01,0.01
Tajikistan,Asia,Wine,,,,0.01,0.01,0.01,0.01,0.01,0.01,0.02,0.05,0.08,0.2,0.18,0.12
Tajikistan,Asia,Spirits,,,,0.29,0.29,0.26,0.27,0.27,0.27,0.27,0.3,0.27,0.38,0.67,0.24
Tajikistan,Asia,Other alcoholic beverages,,,,0,0,0,0,0,0,0,0,0,0,0,0
Thailand,Asia,All types,6.41,6.5,6.56,6.07,5.95,5.88,5.92,6.2,6.18,6.26,6.17,6.14,5.93,5.92,5.88
Thailand,Asia,Beer,1.66,1.68,1.68,1.54,1.59,1.66,1.89,2,1.97,1.7,1.61,1.59,1.3,1.22,1.13
Thailand,Asia,Wine,0.04,0.03,0.03,0.03,0.03,0.02,0.02,0.02,0.02,0.02,0.02,0.01,0.02,0.02,0.01
Thailand,Asia,Spirits,4.7,4.77,4.83,4.49,4.31,4.19,3.99,4.17,4.18,4.54,4.54,4.53,4.61,4.68,4.74
Thailand,Asia,Other alcoholic beverages,0.01,0.01,0.01,0.01,0.01,0.01,0.01,0.01,0.01,0.01,0.01,0,0,0,0
The former Yugoslav republic of Macedonia,Europe,All types,1.13,1.03,1.23,1.16,1.47,1.77,1.72,1.75,1.74,1.75,2.07,2.4,2.53,3.27,2.86
The former Yugoslav republic of Macedonia,Europe,Beer,0.59,0.59,0.64,0.59,0.75,0.84,0.88,0.92,0.89,0.85,0.98,0.9,0.9,0.55,0.46
The former Yugoslav republic of Macedonia,Europe,Wine,0.26,0.2,0.2,0.23,0.33,0.35,0.35,0.34,0.36,0.36,0.39,0.59,0.67,0.88,0.76
The former Yugoslav republic of Macedonia,Europe,Spirits,0.29,0.24,0.39,0.34,0.39,0.58,0.49,0.49,0.5,0.55,0.7,0.91,0.97,1.84,1.65
The former Yugoslav republic of Macedonia,Europe,Other alcoholic beverages,0,0,0,0,0,0,0,0,0,0,0,0,0,0,0
Timor-Leste,Asia,All types,,,,0.5,0.1,0.09,0.06,0.05,0.04,0.36,0.38,0.44,0.48,0.5,0.5
Timor-Leste,Asia,Beer,,,,0.36,0.03,0.01,0.01,0,0.01,0.34,0.35,0.37,0.41,0.42,0.42
Timor-Leste,Asia,Wine,,,,0.09,0.06,0.07,0.04,0.03,0.02,0.02,0.02,0.03,0.03,0.03,0.03
Timor-Leste,Asia,Spirits,,,,0.06,0.02,0.01,0.01,0.01,0.01,0,0.01,0.04,0.04,0.05,0.05
Timor-Leste,Asia,Other alcoholic beverages,,,,0,0,0,0,0,0,0,0,0,0,0,0
Togo,Africa,All types,,,,1.44,1.21,1.24,1.33,1.37,1.37,1.14,1.01,1.02,1,0.95,1.1
Togo,Africa,Beer,,,,0.49,0.63,0.68,0.67,0.59,0.51,0.48,0.47,0.47,0.44,0.43,0.46
Togo,Africa,Wine,,,,0.33,0.28,0.25,0.33,0.39,0.42,0.31,0.32,0.25,0.21,0.2,0.1
Togo,Africa,Spirits,,,,0.35,0.02,0.03,0.05,0.06,0.13,0.06,0.04,0.02,0.04,0.06,0.24
Togo,Africa,Other alcoholic beverages,,,,0.27,0.28,0.28,0.29,0.32,0.32,0.28,0.18,0.27,0.31,0.26,0.3
Tonga,Africa,All types,,,,0.96,1.24,1.08,1.1,2.05,1.79,1.57,1.8,1.79,1.51,1.35,1.24
Tonga,Africa,Beer,,,,0.53,0.92,0.62,0.62,0.87,0.87,0.88,0.89,0.89,0.9,0.66,0.66
Tonga,Africa,Wine,,,,0.1,0.09,0.12,0.11,0.16,0.09,0.28,0.3,0.22,0.08,0.1,0.12
Tonga,Africa,Spirits,,,,0.32,0.23,0.35,0.36,1.02,0.83,0.41,0.43,0.55,0.51,0.59,0.46
Tonga,Africa,Other alcoholic beverages,,,,0,0,0,0,0,0,0,0.18,0.13,0.02,0,0
Trinidad and Tobago,Central America,All types,6.94,6.71,6.7,6.5,6.5,6.37,6.41,6.37,6.35,6.12,5.82,5.53,5.12,4.55,4.68
Trinidad and Tobago,Central America,Beer,3.71,3.62,3.59,3.51,3.53,3.32,3.27,3.2,3.21,3.15,2.96,2.78,2.53,2.05,2.12
Trinidad and Tobago,Central America,Wine,0.32,0.22,0.15,0.13,0.13,0.12,0.15,0.14,0.1,0.13,0.13,0.11,0.07,0.06,0.09
Trinidad and Tobago,Central America,Spirits,2.79,2.76,2.85,2.76,2.75,2.82,2.88,2.92,2.91,2.72,2.64,2.64,2.51,2.43,2.46
Trinidad and Tobago,Central America,Other alcoholic beverages,0.12,0.11,0.11,0.1,0.1,0.1,0.11,0.12,0.12,0.11,0.1,0,0,0,0
Tunisia,Africa,All types,1.39,1.29,1.3,1.29,1.28,1.4,1.37,1.24,1.46,1.37,1.36,1.34,1.17,1.19,1.21
Tunisia,Africa,Beer,0.95,0.85,0.85,0.85,0.87,0.96,0.94,0.92,0.88,0.86,0.82,0.8,0.79,0.75,0.8
Tunisia,Africa,Wine,0.38,0.38,0.39,0.38,0.35,0.38,0.38,0.25,0.51,0.45,0.47,0.49,0.35,0.39,0.37
Tunisia,Africa,Spirits,0.05,0.06,0.06,0.06,0.06,0.05,0.05,0.06,0.06,0.06,0.06,0.04,0.04,0.04,0.04
Tunisia,Africa,Other alcoholic beverages,0,0,0,0,0.01,0,0,0,0,0,0,0,0,0,0
Turkey,Asia,All types,1.45,1.41,1.54,1.53,1.49,1.4,1.39,1.26,1.29,1.29,1.35,1.42,1.47,1.49,1.54
Turkey,Asia,Beer,0.83,0.78,0.9,0.86,0.86,0.84,0.85,0.79,0.76,0.77,0.81,0.79,0.77,0.74,0.76
Turkey,Asia,Wine,0.13,0.13,0.12,0.13,0.13,0.1,0.08,0.05,0.05,0.06,0.07,0.04,0.04,0.05,0.05
Turkey,Asia,Spirits,0.48,0.49,0.51,0.5,0.5,0.47,0.46,0.42,0.47,0.46,0.47,0.59,0.66,0.69,0.73
Turkey,Asia,Other alcoholic beverages,0,0,0,0,0,0,0,0,0,0,0,0,0,0,0
Turkmenistan,Asia,All types,2.9,2.93,2.75,2.55,2.48,2.35,2.4,2.58,2.71,2.85,2.86,2.88,2.33,2.35,2.9
Turkmenistan,Asia,Beer,0.81,0.83,0.64,0.44,0.35,0.25,0.22,0.3,0.27,0.22,0.19,0.17,0.09,0.08,0.08
Turkmenistan,Asia,Wine,0.8,0.81,0.81,0.79,0.81,0.82,0.95,1.05,1.2,1.37,1.42,1.46,0.98,0.99,1.52
Turkmenistan,Asia,Spirits,1.28,1.29,1.3,1.31,1.32,1.28,1.24,1.23,1.24,1.26,1.25,1.26,1.27,1.28,1.3
Turkmenistan,Asia,Other alcoholic beverages,0,0,0,0,0,0,0,0,0,0,0,0,0,0,0
Tuvalu,Oceania,All types,,,,1.34,1.02,1.31,1.05,0.59,1.37,0.94,1.83,1.41,0.54,1.98,1.16
Tuvalu,Oceania,Beer,,,,0.13,0.11,0.06,0.11,0.03,0.85,0.54,0.04,0.1,0.29,1.07,0.85
Tuvalu,Oceania,Wine,,,,1.15,0.55,0.54,0.16,0.07,0.15,0.17,0.04,0.07,0.13,0.18,0.06
Tuvalu,Oceania,Spirits,,,,0.06,0.36,0,0.78,0.49,0.37,0.23,1.75,1.24,0.12,0.73,0.25
Tuvalu,Oceania,Other alcoholic beverages,,,,0,0,0,0,0,0,0,0,0,0,0,0
Uganda,Africa,All types,,,,10.22,10.03,9.63,9.79,9.65,9.81,10.09,9.89,10.16,10.42,10.57,10.47
Uganda,Africa,Beer,,,,0.72,0.68,0.64,0.53,0.57,0.55,0.5,0.43,0.42,0.43,0.48,0.56
Uganda,Africa,Wine,,,,0.01,0.01,0.01,0,0,0,0,0.01,0,0,0,0
Uganda,Africa,Spirits,,,,0.21,0.15,0.16,0.16,0.17,0.18,0.18,0.2,0.18,0.19,0.19,0.2
Uganda,Africa,Other alcoholic beverages,,,,9.28,9.19,8.83,9.09,8.9,9.08,9.4,9.26,9.55,9.8,9.9,9.72
Ukraine,Europe,All types,8.06,8.44,8.44,8.48,8.39,8.71,9.46,8.86,7.99,7.31,6.79,5.92,4.89,4.31,4.49
Ukraine,Europe,Beer,2.94,3.21,3.27,3.31,3.36,3.32,3.57,3.55,3.01,2.67,2.18,1.95,1.74,1.51,1.28
Ukraine,Europe,Wine,0.72,0.72,0.73,0.73,0.75,0.86,0.83,0.77,0.69,0.63,0.55,0.68,0.7,0.47,0.36
Ukraine,Europe,Spirits,4.22,4.32,4.19,4.19,4.06,4.31,4.79,4.32,4.09,3.83,4.06,3.29,2.45,2.33,2.85
Ukraine,Europe,Other alcoholic beverages,0.19,0.19,0.24,0.26,0.21,0.23,0.27,0.22,0.21,0.17,0,0,0,0,0
United Arab Emirates,Africa,All types,1.91,1.82,1.75,1.73,1.69,1.73,1.86,1.69,1.74,1.79,1.77,1.74,1.72,1.67,1.64
United Arab Emirates,Africa,Beer,0.2,0.19,0.19,0.19,0.19,0.21,0.25,0.29,0.33,0.41,0.47,0.5,0.52,0.51,0.51
United Arab Emirates,Africa,Wine,0.13,0.12,0.11,0.11,0.11,0.11,0.13,0.12,0.13,0.14,0.14,0.07,0.08,0.07,0.07
United Arab Emirates,Africa,Spirits,1.57,1.5,1.44,1.43,1.38,1.41,1.47,1.28,1.27,1.23,1.15,1.16,1.12,1.1,1.06
United Arab Emirates,Africa,Other alcoholic beverages,0.01,0.01,0.01,0.01,0.01,0.01,0.01,0.01,0.01,0.01,0.01,0,0,0,0
United Kingdom of Great Britain and Northern Ireland,Europe,All types,10.37,10.32,10.42,10.68,10.88,10.79,11.47,11.84,11.61,12.05,12.22,11.85,11.44,10.91,10.59
United Kingdom of Great Britain and Northern Ireland,Europe,Beer,3.48,3.38,3.46,3.65,3.76,3.84,4.22,4.45,4.7,4.85,5.09,5.16,5.11,5.06,4.98
United Kingdom of Great Britain and Northern Ireland,Europe,Wine,4.06,4.03,3.96,3.95,3.96,3.87,4.13,4.24,3.9,4.1,3.98,3.65,3.4,3.22,3.02
United Kingdom of Great Britain and Northern Ireland,Europe,Spirits,2.07,2.09,2.16,2.17,2.25,2.16,2.28,2.35,2.25,2.45,2.51,2.45,2.32,2.03,1.96
United Kingdom of Great Britain and Northern Ireland,Europe,Other alcoholic beverages,0.76,0.83,0.84,0.9,0.91,0.92,0.83,0.8,0.75,0.65,0.62,0.6,0.61,0.61,0.63
United Republic of Tanzania,Africa,All types,,4.2,3.98,4.04,4.19,3.97,3.44,4.4,4.07,3.94,3.81,2.34,3.37,4.09,3.89
United Republic of Tanzania,Africa,Beer,,0.81,0.77,0.7,0.67,0.69,0.76,0.77,0.64,0.56,0.51,0.5,0.46,0.49,0.51
United Republic of Tanzania,Africa,Wine,,0.02,0.02,0.01,0.01,0.02,0.01,0.01,0.01,0.01,0.01,0,0.01,0.01,0
United Republic of Tanzania,Africa,Spirits,,0.1,0.21,0.1,0.24,0.2,0.18,0.15,0.15,0.15,0.12,0.09,0.11,0.09,0.1
United Republic of Tanzania,Africa,Other alcoholic beverages,,3.27,2.98,3.22,3.27,3.06,2.49,3.47,3.27,3.22,3.18,1.75,2.8,3.5,3.28
United States of America,North,All types,8.82,8.82,8.82,8.67,8.55,8.71,8.74,8.74,8.63,8.52,8.48,8.4,8.33,8.25,8.21
United States of America,North,Beer,4.16,4.24,4.28,4.24,4.31,4.43,4.54,4.54,4.54,4.5,4.58,4.58,4.66,4.66,4.62
United States of America,North,Wine,1.63,1.59,1.59,1.55,1.44,1.48,1.44,1.44,1.4,1.36,1.32,1.29,1.25,1.17,1.17
United States of America,North,Spirits,3.03,2.99,2.95,2.88,2.8,2.8,2.76,2.76,2.69,2.65,2.57,2.54,2.42,2.42,2.42
United States of America,North,Other alcoholic beverages,0,0,0,0,0,0,0,0,0,0,0,0,0,0,0
Uruguay,South America,All types,6.03,5.82,5.77,5.97,6.21,6.67,6.76,6.67,6.58,6.35,5.66,5.11,5.86,6.48,6.65
Uruguay,South America,Beer,1.94,1.97,2.01,1.95,1.9,1.88,1.86,1.61,1.49,1.35,1.1,0.86,1,1.19,1.37
Uruguay,South America,Wine,3.13,3.25,3.18,3.43,3.72,3.85,3.97,4.15,4.19,4.23,3.88,3.61,4.12,4.36,4.44
Uruguay,South America,Spirits,0.96,0.6,0.57,0.59,0.59,0.94,0.93,0.91,0.9,0.77,0.68,0.64,0.73,0.93,0.85
Uruguay,South America,Other alcoholic beverages,0,0,0,0,0,0,0,0,0,0,0,0,0,0,0
Uzbekistan,Africa,All types,,,,2.83,2.73,2.56,2.36,2.15,1.96,1.78,1.59,1.54,1.47,1.53,1.6
Uzbekistan,Africa,Beer,,,,0.79,0.65,0.48,0.33,0.29,0.33,0.28,0.27,0.24,0.26,0.2,0.25
Uzbekistan,Africa,Wine,,,,0.13,0.11,0.11,0.19,0.19,0.19,0.18,0.26,0.34,0.25,0.33,0.37
Uzbekistan,Africa,Spirits,,,,1.91,1.97,1.97,1.84,1.66,1.45,1.33,1.06,0.95,0.97,1,0.99
Uzbekistan,Africa,Other alcoholic beverages,,,,0,0,0,0,0,0,0,0,0,0,0,0
Vanuatu,Oceania,All types,,,,0.85,0.91,0.83,1.18,1.01,1,0.88,0.85,1.2,1.24,0.91,1.21
Vanuatu,Oceania,Beer,,,,0.37,0.34,0.32,0.33,0.45,0.46,0.47,0.49,0.51,0.52,0.4,0.46
Vanuatu,Oceania,Wine,,,,0.17,0.19,0.23,0.28,0.18,0.18,0.22,0.17,0.18,0.19,0.16,0.24
Vanuatu,Oceania,Spirits,,,,0.31,0.38,0.28,0.57,0.39,0.36,0.19,0.19,0.51,0.53,0.34,0.51
Vanuatu,Oceania,Other alcoholic beverages,,,,0.01,0,0,0,0,0,0,0,0,0,0,0
Venezuela (Bolivarian Republic of),South America,All types,6.47,6.71,6.7,6.74,7.22,7.59,8.18,8.7,8.27,7.92,7.55,6.3,6.89,8.05,8.01
Venezuela (Bolivarian Republic of),South America,Beer,4.91,4.9,4.83,5,5.43,5.76,6.34,6.83,6.35,6.15,5.93,4.39,5.15,6,5.59
Venezuela (Bolivarian Republic of),South America,Wine,0.06,0.05,0.1,0.09,0.06,0.1,0.09,0.11,0.14,0.11,0.07,0.04,0.06,0.11,0.11
Venezuela (Bolivarian Republic of),South America,Spirits,1.42,1.68,1.68,1.58,1.67,1.68,1.7,1.72,1.74,1.63,1.52,1.87,1.69,1.94,2.31
Venezuela (Bolivarian Republic of),South America,Other alcoholic beverages,0.08,0.08,0.08,0.07,0.07,0.06,0.05,0.04,0.04,0.03,0.03,0,0,0,0
Viet Nam,Asia,All types,4.09,4,4.12,3.94,3.93,3.86,3.58,3.01,2.56,2.7,2.86,2.19,2.03,1.84,1.6
Viet Nam,Asia,Beer,2.31,2.17,2.18,1.94,1.82,1.53,1.44,1.2,1.16,1.21,1.13,1.13,0.97,0.83,0.7
Viet Nam,Asia,Wine,0.02,0.02,0.02,0.02,0.02,0.01,0.01,0.01,0.01,0.01,0.01,0.01,0.01,0.01,0
Viet Nam,Asia,Spirits,1.76,1.81,1.92,1.98,2.09,2.32,2.12,1.8,1.4,1.48,1.72,1.05,1.06,1.01,0.9
Viet Nam,Asia,Other alcoholic beverages,0,0,0,0,0,0,0,0,0,0,0,0,0,0,0
Yemen,Asia,All types,,0.04,0.04,0.04,0.06,0.03,0.04,0.05,0.04,0.04,0.06,0.04,0.07,0.08,0.07
Yemen,Asia,Beer,,0.04,0.04,0.03,0.06,0.03,0.04,0.04,0.04,0.03,0.05,0.04,0.06,0.08,0.07
Yemen,Asia,Wine,,0,0,0,0,0,0,0,0,0,0,0,0,0,0
Yemen,Asia,Spirits,,0,0,0,0,0,0,0,0,0,0.01,0,0.01,0,0
Yemen,Asia,Other alcoholic beverages,,0,0,0,0,0,0,0,0,0,0,0,0,0,0
Zambia,Africa,All types,,2.41,2.59,2.57,2.47,2.3,2.12,2.08,2.25,2.33,2.46,2.33,2.44,2.61,2.62
Zambia,Africa,Beer,,1.05,0.86,0.75,0.62,0.48,0.48,0.45,0.45,0.43,0.48,0.47,0.49,0.52,0.51
Zambia,Africa,Wine,,0.07,0.06,0.06,0.07,0.06,0.04,0.04,0.02,0.01,0.03,0.01,0.02,0.02,0.01
Zambia,Africa,Spirits,,0.01,0.4,0.36,0.37,0.35,0.3,0.29,0.3,0.27,0.27,0.25,0.26,0.24,0.2
Zambia,Africa,Other alcoholic beverages,,1.28,1.27,1.41,1.41,1.41,1.31,1.3,1.48,1.62,1.68,1.6,1.67,1.83,1.9
Zimbabwe,Africa,All types,6.5,6.39,6.09,6,5.21,4.64,3.56,3.88,4.57,4.14,4.36,4.06,4.43,1.72,1.68
Zimbabwe,Africa,Beer,2.23,2.12,2.07,2.05,1.67,1.09,1.47,0.88,1.09,0.96,1.14,0.88,1.16,0.74,0.67
Zimbabwe,Africa,Wine,0.05,0.05,0.08,0.12,0.1,0.08,0.03,0.01,0.01,0.01,0.2,0.24,0.28,0.03,0.03
Zimbabwe,Africa,Spirits,0.43,0.43,0.44,0.32,0.34,0.36,0.38,0.38,0.38,0.06,0.19,0.19,0.19,0.19,0.19
Zimbabwe,Africa,Other alcoholic beverages,3.8,3.8,3.5,3.5,3.1,3.11,1.67,2.61,3.09,3.11,2.83,2.76,2.8,0.76,0.79
